Start Time,Duration,Run ID,Name,Source Type,Source Name,User,Status,batch_size,class_weight,custom_collections,custom_inputRepresentations,custom_noTransposition,custom_npzOutput,custom_outputRepresentations,custom_scrutinizeData,custom_sequenceLength,custom_synthetic,custom_testCollections,custom_testSetOn,custom_texturizeEachTransposition,custom_transpositionKeys,custom_tsvDir,epochs,initial_epoch,max_queue_size,opt_amsgrad,opt_beta_1,opt_beta_2,opt_decay,opt_epsilon,opt_learning_rate,opt_name,sample_weight,shuffle,steps_per_epoch,use_multiprocessing,validation_batch_size,validation_freq,validation_split,validation_steps,workers,Alto35_accuracy,Alto35_loss,Bass35_accuracy,Bass35_loss,HarmonicRhythm7_accuracy,HarmonicRhythm7_loss,LocalKey38_accuracy,LocalKey38_loss,PitchClassSet121_accuracy,PitchClassSet121_loss,RomanNumeral31_accuracy,RomanNumeral31_loss,Soprano35_accuracy,Soprano35_loss,Tenor35_accuracy,Tenor35_loss,TonicizedKey38_accuracy,TonicizedKey38_loss,loss,results_Alto35,results_Bass35,results_HarmonicRhythm7,results_LocalKey38,results_PitchClassSet121,results_RomanNumeral31,results_Soprano35,results_Tenor35,results_TonicizedKey38,results_satbRomanNumeral,val_Alto35_accuracy,val_Alto35_loss,val_Bass35_accuracy,val_Bass35_loss,val_HarmonicRhythm7_accuracy,val_HarmonicRhythm7_loss,val_LocalKey38_accuracy,val_LocalKey38_loss,val_PitchClassSet121_accuracy,val_PitchClassSet121_loss,val_RomanNumeral31_accuracy,val_RomanNumeral31_loss,val_Soprano35_accuracy,val_Soprano35_loss,val_Tenor35_accuracy,val_Tenor35_loss,val_TonicizedKey38_accuracy,val_TonicizedKey38_loss,val_loss,val_monitored_accuracy,val_monitored_loss,fold
2022-08-09 02:32:28,17.1min,a3ec06b798da422bb1f77d79250b7262,gru_unidirectional,LOCAL,/usr/local/lib/python3.7/dist-packages/ipykernel_launcher.py,root,FINISHED,16,None,"['abc', 'bps', 'mps', 'tavern', 'wir', 'wirwtc']","['Bass19', 'Chromagram19', 'MeasureNoteOnset14']",True,dataset-baseline,"['Alto35', 'Bass35', 'HarmonicRhythm7', 'LocalKey38', 'PitchClassSet121', 'RomanNumeral31', 'Soprano35', 'Tenor35', 'TonicizedKey38']",False,640,False,"['abc', 'bps', 'mps', 'tavern', 'wir', 'wirwtc']",False,False,"('A', 'A-', 'B', 'B-', 'B--', 'C', 'C#', 'C-', 'D', 'D#', 'D-', 'E', 'E-', 'F', 'F#', 'F-', 'G', 'G#', 'G-', 'a', 'a#', 'a-', 'b', 'b#', 'b-', 'c', 'c#', 'd', 'd#', 'd-', 'e', 'e#', 'e-', 'f', 'f#', 'g', 'g#', 'g-')",dataset,100,0,10,False,0.9,0.999,0.0,1e-07,"{'class_name': 'PiecewiseConstantDecay', 'config': {'boundaries': [4520], 'values': [0.001, 0.001], 'name': None}}",Adam,None,True,None,False,None,1,0.0,None,1,0.7447893619537354,0.820142388343811,0.8061273694038391,0.6696234941482544,0.8247624635696411,0.5199629664421082,0.8456263542175293,0.4951714277267456,0.7815252542495728,0.8103443384170532,0.6584153771400452,1.1451375484466553,0.7697370648384094,0.7558423280715942,0.7764149904251099,0.7568742632865906,0.8307877779006958,0.547327995300293,6.520425796508789,0.641,0.701,0.781,0.674,0.696,0.57,0.676,0.666,0.721,0.35,0.6627019643783569,1.219926118850708,0.7219033241271973,1.1055262088775635,0.787368893623352,0.6344316601753235,0.6675382852554321,1.4300320148468018,0.7094848155975342,1.3244999647140503,0.5944515466690063,1.4596619606018066,0.6942885518074036,1.1370142698287964,0.6850162744522095,1.2175488471984863,0.7204577922821045,1.1506239175796509,10.679264068603516,0.6936901609102885,10.679264962673187,4
2022-08-09 02:22:50,9.6min,d3417e98b8fb47908550178a2ecf48fc,gru_nogru,LOCAL,/usr/local/lib/python3.7/dist-packages/ipykernel_launcher.py,root,FINISHED,16,None,"['abc', 'bps', 'mps', 'tavern', 'wir', 'wirwtc']","['Bass19', 'Chromagram19', 'MeasureNoteOnset14']",True,dataset-baseline,"['Alto35', 'Bass35', 'HarmonicRhythm7', 'LocalKey38', 'PitchClassSet121', 'RomanNumeral31', 'Soprano35', 'Tenor35', 'TonicizedKey38']",False,640,False,"['abc', 'bps', 'mps', 'tavern', 'wir', 'wirwtc']",False,False,"('A', 'A-', 'B', 'B-', 'B--', 'C', 'C#', 'C-', 'D', 'D#', 'D-', 'E', 'E-', 'F', 'F#', 'F-', 'G', 'G#', 'G-', 'a', 'a#', 'a-', 'b', 'b#', 'b-', 'c', 'c#', 'd', 'd#', 'd-', 'e', 'e#', 'e-', 'f', 'f#', 'g', 'g#', 'g-')",dataset,100,0,10,False,0.9,0.999,0.0,1e-07,"{'class_name': 'PiecewiseConstantDecay', 'config': {'boundaries': [4520], 'values': [0.001, 0.001], 'name': None}}",Adam,None,True,None,False,None,1,0.0,None,1,0.6695243716239929,1.0425406694412231,0.7336314916610718,0.8993078470230103,0.750485360622406,0.6093599796295166,0.641588032245636,1.1697237491607666,0.7100096344947815,1.0788031816482544,0.5515239238739014,1.4559361934661865,0.7095285058021545,0.9510826468467712,0.6921086311340332,1.0177723169326782,0.7043436169624329,0.9444131851196289,9.168941497802734,0.605,0.666,0.709,0.568,0.664,0.515,0.652,0.627,0.654,0.288,0.6377267837524414,1.218111276626587,0.6934452652931213,1.1174601316452026,0.7225340008735657,0.6867361068725586,0.600120484828949,1.5337034463882446,0.6909084320068359,1.309805154800415,0.5557717084884644,1.5017426013946533,0.6811543107032776,1.1201118230819702,0.6562110185623169,1.2076880931854248,0.6780009865760803,1.2030408382415771,10.898398399353027,0.6573192212316725,10.898399472236633,4
2022-08-09 01:59:01,23.8min,4581b21ab21f4be1b371625b4e7578ac,dense_lineardense,LOCAL,/usr/local/lib/python3.7/dist-packages/ipykernel_launcher.py,root,FINISHED,16,None,"['abc', 'bps', 'mps', 'tavern', 'wir', 'wirwtc']","['Bass19', 'Chromagram19', 'MeasureNoteOnset14']",True,dataset-baseline,"['Alto35', 'Bass35', 'HarmonicRhythm7', 'LocalKey38', 'PitchClassSet121', 'RomanNumeral31', 'Soprano35', 'Tenor35', 'TonicizedKey38']",False,640,False,"['abc', 'bps', 'mps', 'tavern', 'wir', 'wirwtc']",False,False,"('A', 'A-', 'B', 'B-', 'B--', 'C', 'C#', 'C-', 'D', 'D#', 'D-', 'E', 'E-', 'F', 'F#', 'F-', 'G', 'G#', 'G-', 'a', 'a#', 'a-', 'b', 'b#', 'b-', 'c', 'c#', 'd', 'd#', 'd-', 'e', 'e#', 'e-', 'f', 'f#', 'g', 'g#', 'g-')",dataset,100,0,10,False,0.9,0.999,0.0,1e-07,"{'class_name': 'PiecewiseConstantDecay', 'config': {'boundaries': [4520], 'values': [0.001, 0.001], 'name': None}}",Adam,None,True,None,False,None,1,0.0,None,1,0.7784637212753296,0.6936773061752319,0.8351330757141113,0.5517177581787109,0.8338364362716675,0.47328177094459534,0.9078948497772217,0.2803044319152832,0.8279594779014587,0.6103901267051697,0.7238199710845947,0.9186698794364929,0.8109391927719116,0.6088008880615234,0.8122230172157288,0.6219503879547119,0.8888317942619324,0.35892534255981445,5.117716312408447,0.655,0.715,0.789,0.733,0.729,0.61,0.706,0.687,0.776,0.395,0.6825538277626038,1.1460500955581665,0.7364441752433777,1.0339776277542114,0.8079719543457031,0.5729261040687561,0.7478422522544861,1.1874349117279053,0.7464852333068848,1.1473735570907593,0.6407915353775024,1.2876648902893066,0.725797176361084,1.0179363489151,0.7090454697608948,1.1150261163711548,0.7881200313568115,0.9368953704833984,9.445284843444824,0.7316724061965942,9.445285022258759,4
2022-08-09 01:39:54,19.1min,da300dd1f72643908f0e520b12e1ac61,conv_noconv,LOCAL,/usr/local/lib/python3.7/dist-packages/ipykernel_launcher.py,root,FINISHED,16,None,"['abc', 'bps', 'mps', 'tavern', 'wir', 'wirwtc']","['Bass19', 'Chromagram19', 'MeasureNoteOnset14']",True,dataset-baseline,"['Alto35', 'Bass35', 'HarmonicRhythm7', 'LocalKey38', 'PitchClassSet121', 'RomanNumeral31', 'Soprano35', 'Tenor35', 'TonicizedKey38']",False,640,False,"['abc', 'bps', 'mps', 'tavern', 'wir', 'wirwtc']",False,False,"('A', 'A-', 'B', 'B-', 'B--', 'C', 'C#', 'C-', 'D', 'D#', 'D-', 'E', 'E-', 'F', 'F#', 'F-', 'G', 'G#', 'G-', 'a', 'a#', 'a-', 'b', 'b#', 'b-', 'c', 'c#', 'd', 'd#', 'd-', 'e', 'e#', 'e-', 'f', 'f#', 'g', 'g#', 'g-')",dataset,100,0,10,False,0.9,0.999,0.0,1e-07,"{'class_name': 'PiecewiseConstantDecay', 'config': {'boundaries': [4520], 'values': [0.001, 0.001], 'name': None}}",Adam,None,True,None,False,None,1,0.0,None,1,0.7518763542175293,0.7796459197998047,0.8055124878883362,0.6443369388580322,0.8212781548500061,0.519649863243103,0.8843312859535217,0.3634871542453766,0.8063057661056519,0.6920114159584045,0.6934043765068054,1.0171055793762207,0.7861664891242981,0.6854524612426758,0.7829316854476929,0.7174822092056274,0.8700072169303894,0.41602399945259094,5.835195541381836,0.651,0.714,0.782,0.742,0.725,0.604,0.698,0.687,0.786,0.39,0.6799957752227783,1.1221284866333008,0.7337124347686768,0.994633138179779,0.8000673055648804,0.6065183877944946,0.7652281522750854,1.079382300376892,0.747126579284668,1.132033348083496,0.6378684639930725,1.2998099327087402,0.7226934432983398,1.0060511827468872,0.7083545923233032,1.0770498514175415,0.7998724579811096,0.8643304109573364,9.181936264038086,0.732768800523546,9.181937038898468,4
2022-08-09 01:16:38,23.3min,37193fc0abe3466fb4f919951cee9d70,conv_constant_filters,LOCAL,/usr/local/lib/python3.7/dist-packages/ipykernel_launcher.py,root,FINISHED,16,None,"['abc', 'bps', 'mps', 'tavern', 'wir', 'wirwtc']","['Bass19', 'Chromagram19', 'MeasureNoteOnset14']",True,dataset-baseline,"['Alto35', 'Bass35', 'HarmonicRhythm7', 'LocalKey38', 'PitchClassSet121', 'RomanNumeral31', 'Soprano35', 'Tenor35', 'TonicizedKey38']",False,640,False,"['abc', 'bps', 'mps', 'tavern', 'wir', 'wirwtc']",False,False,"('A', 'A-', 'B', 'B-', 'B--', 'C', 'C#', 'C-', 'D', 'D#', 'D-', 'E', 'E-', 'F', 'F#', 'F-', 'G', 'G#', 'G-', 'a', 'a#', 'a-', 'b', 'b#', 'b-', 'c', 'c#', 'd', 'd#', 'd-', 'e', 'e#', 'e-', 'f', 'f#', 'g', 'g#', 'g-')",dataset,100,0,10,False,0.9,0.999,0.0,1e-07,"{'class_name': 'PiecewiseConstantDecay', 'config': {'boundaries': [4520], 'values': [0.001, 0.001], 'name': None}}",Adam,None,True,None,False,None,1,0.0,None,1,0.7851725220680237,0.6710442900657654,0.838614821434021,0.5384076237678528,0.8431685566902161,0.4605131447315216,0.910555899143219,0.27560344338417053,0.8291892409324646,0.6068034172058105,0.722885251045227,0.9238160848617554,0.8100550770759583,0.606663167476654,0.818642795085907,0.6021851301193237,0.8839564919471741,0.3738937973976135,5.058930397033691,0.652,0.706,0.789,0.739,0.715,0.595,0.688,0.681,0.775,0.38,0.6646896004676819,1.2386637926101685,0.7210884094238281,1.1272528171539307,0.7920315861701965,0.627673864364624,0.7566114068031311,1.1752489805221558,0.7300134897232056,1.243341088294983,0.6200538277626038,1.4074962139129639,0.7110615372657776,1.0910924673080444,0.6931618452072144,1.2168903350830078,0.7875177264213562,0.9793829917907715,10.10704231262207,0.7195810476938883,10.10704255104065,4
2022-08-09 00:55:56,20.7min,6408a1314d7c4792ab88e25302543338,conv_single_block,LOCAL,/usr/local/lib/python3.7/dist-packages/ipykernel_launcher.py,root,FINISHED,16,None,"['abc', 'bps', 'mps', 'tavern', 'wir', 'wirwtc']","['Bass19', 'Chromagram19', 'MeasureNoteOnset14']",True,dataset-baseline,"['Alto35', 'Bass35', 'HarmonicRhythm7', 'LocalKey38', 'PitchClassSet121', 'RomanNumeral31', 'Soprano35', 'Tenor35', 'TonicizedKey38']",False,640,False,"['abc', 'bps', 'mps', 'tavern', 'wir', 'wirwtc']",False,False,"('A', 'A-', 'B', 'B-', 'B--', 'C', 'C#', 'C-', 'D', 'D#', 'D-', 'E', 'E-', 'F', 'F#', 'F-', 'G', 'G#', 'G-', 'a', 'a#', 'a-', 'b', 'b#', 'b-', 'c', 'c#', 'd', 'd#', 'd-', 'e', 'e#', 'e-', 'f', 'f#', 'g', 'g#', 'g-')",dataset,100,0,10,False,0.9,0.999,0.0,1e-07,"{'class_name': 'PiecewiseConstantDecay', 'config': {'boundaries': [4520], 'values': [0.001, 0.001], 'name': None}}",Adam,None,True,None,False,None,1,0.0,None,1,0.779521107673645,0.6909570693969727,0.8319780826568604,0.5579046607017517,0.8406198620796204,0.4696514904499054,0.901332676410675,0.30785176157951355,0.8265762329101562,0.6125018000602722,0.7228012084960938,0.9216723442077637,0.8079839944839478,0.6117984056472778,0.8116158246994019,0.6237284541130066,0.8810587525367737,0.3827098309993744,5.17877721786499,0.65,0.71,0.785,0.742,0.72,0.605,0.696,0.678,0.777,0.39,0.6737989187240601,1.1712852716445923,0.7280222773551941,1.059410572052002,0.8038654923439026,0.5941863059997559,0.752288818359375,1.2292171716690063,0.7380881309509277,1.2046489715576172,0.6321038603782654,1.3539013862609863,0.7204188108444214,1.0515323877334595,0.6996350884437561,1.1437112092971802,0.7913052439689636,0.9537734389305115,9.761666297912598,0.7266140712632073,9.761666715145111,4
2022-08-09 00:29:47,26.1min,d57904d3a0734f4db5163bc6a6c701ac,input_no_chroma,LOCAL,/usr/local/lib/python3.7/dist-packages/ipykernel_launcher.py,root,FINISHED,16,None,"['abc', 'bps', 'mps', 'tavern', 'wir', 'wirwtc']","['Bass19', 'MeasureNoteOnset14']",True,dataset-input_no_chroma,"['Alto35', 'Bass35', 'HarmonicRhythm7', 'LocalKey38', 'PitchClassSet121', 'RomanNumeral31', 'Soprano35', 'Tenor35', 'TonicizedKey38']",False,640,False,"['abc', 'bps', 'mps', 'tavern', 'wir', 'wirwtc']",False,False,"('A', 'A-', 'B', 'B-', 'B--', 'C', 'C#', 'C-', 'D', 'D#', 'D-', 'E', 'E-', 'F', 'F#', 'F-', 'G', 'G#', 'G-', 'a', 'a#', 'a-', 'b', 'b#', 'b-', 'c', 'c#', 'd', 'd#', 'd-', 'e', 'e#', 'e-', 'f', 'f#', 'g', 'g#', 'g-')",dataset,100,0,10,False,0.9,0.999,0.0,1e-07,"{'class_name': 'PiecewiseConstantDecay', 'config': {'boundaries': [4520], 'values': [0.001, 0.001], 'name': None}}",Adam,None,True,None,False,None,1,0.0,None,1,0.6702979207038879,1.0209887027740479,0.7952910661697388,0.6866102814674377,0.7992170453071594,0.5422309637069702,0.8820209503173828,0.36990490555763245,0.6439343690872192,1.1891882419586182,0.5525649785995483,1.414889931678772,0.6604572534561157,1.008173942565918,0.7120994925498962,0.9263363480567932,0.8288487792015076,0.5626022219657898,7.720926284790039,0.546,0.698,0.748,0.658,0.489,0.424,0.527,0.578,0.655,0.253,0.5682221055030823,1.4584479331970215,0.7196711897850037,1.0830034017562866,0.760019838809967,0.6586061716079712,0.6519486904144287,1.4220319986343384,0.5129677057266235,1.8862831592559814,0.46208545565605164,1.7840352058410645,0.5567956566810608,1.4610270261764526,0.6001735925674438,1.4406766891479492,0.6516262888908386,1.3270708322525024,12.521181106567383,0.6092789471149445,12.521182417869568,4
2022-08-09 00:03:31,26.3min,12e312aaeb02442093439af5f4130540,input_no_bottom,LOCAL,/usr/local/lib/python3.7/dist-packages/ipykernel_launcher.py,root,FINISHED,16,None,"['abc', 'bps', 'mps', 'tavern', 'wir', 'wirwtc']","['Chromagram19', 'MeasureNoteOnset14']",True,dataset-input_no_bottom,"['Alto35', 'Bass35', 'HarmonicRhythm7', 'LocalKey38', 'PitchClassSet121', 'RomanNumeral31', 'Soprano35', 'Tenor35', 'TonicizedKey38']",False,640,False,"['abc', 'bps', 'mps', 'tavern', 'wir', 'wirwtc']",False,False,"('A', 'A-', 'B', 'B-', 'B--', 'C', 'C#', 'C-', 'D', 'D#', 'D-', 'E', 'E-', 'F', 'F#', 'F-', 'G', 'G#', 'G-', 'a', 'a#', 'a-', 'b', 'b#', 'b-', 'c', 'c#', 'd', 'd#', 'd-', 'e', 'e#', 'e-', 'f', 'f#', 'g', 'g#', 'g-')",dataset,100,0,10,False,0.9,0.999,0.0,1e-07,"{'class_name': 'PiecewiseConstantDecay', 'config': {'boundaries': [4520], 'values': [0.001, 0.001], 'name': None}}",Adam,None,True,None,False,None,1,0.0,None,1,0.6550125479698181,0.991087019443512,0.690091609954834,0.8931046724319458,0.8328399658203125,0.4827779233455658,0.8907707929611206,0.34044185280799866,0.8110069632530212,0.6683245301246643,0.7040743231773376,0.984113335609436,0.7532030344009399,0.7541961073875427,0.6756792068481445,0.9522897601127625,0.8754982352256775,0.4031495153903961,6.469484806060791,0.53,0.554,0.783,0.744,0.724,0.618,0.65,0.535,0.782,0.296,0.5204648375511169,1.5109763145446777,0.5473214387893677,1.4344019889831543,0.7946357727050781,0.6149698495864868,0.6726544499397278,1.4530359506607056,0.6928287744522095,1.308928370475769,0.5735969543457031,1.5274409055709839,0.6428607106208801,1.2137702703475952,0.5259920358657837,1.5244632959365845,0.7451282739639282,1.0582680702209473,11.646256446838379,0.6350536942481995,11.646255016326904,4
2022-08-08 23:37:27,26.1min,0423cf70b32145de8425a278b2e77cd6,input_no_onset,LOCAL,/usr/local/lib/python3.7/dist-packages/ipykernel_launcher.py,root,FINISHED,16,None,"['abc', 'bps', 'mps', 'tavern', 'wir', 'wirwtc']","['Bass19', 'Chromagram19']",True,dataset-input_no_onset,"['Alto35', 'Bass35', 'HarmonicRhythm7', 'LocalKey38', 'PitchClassSet121', 'RomanNumeral31', 'Soprano35', 'Tenor35', 'TonicizedKey38']",False,640,False,"['abc', 'bps', 'mps', 'tavern', 'wir', 'wirwtc']",False,False,"('A', 'A-', 'B', 'B-', 'B--', 'C', 'C#', 'C-', 'D', 'D#', 'D-', 'E', 'E-', 'F', 'F#', 'F-', 'G', 'G#', 'G-', 'a', 'a#', 'a-', 'b', 'b#', 'b-', 'c', 'c#', 'd', 'd#', 'd-', 'e', 'e#', 'e-', 'f', 'f#', 'g', 'g#', 'g-')",dataset,100,0,10,False,0.9,0.999,0.0,1e-07,"{'class_name': 'PiecewiseConstantDecay', 'config': {'boundaries': [4520], 'values': [0.001, 0.001], 'name': None}}",Adam,None,True,None,False,None,1,0.0,None,1,0.7644166946411133,0.738646388053894,0.8157922029495239,0.6128201484680176,0.644075870513916,0.9885544180870056,0.9052989482879639,0.2975798547267914,0.8105944991111755,0.670717179775238,0.7165940403938293,0.9432135224342346,0.7940003871917725,0.658466637134552,0.7935596108436584,0.6815027594566345,0.8827481865882874,0.37655892968177795,5.968061447143555,0.649,0.698,0.546,0.739,0.715,0.609,0.691,0.669,0.783,0.387,0.6738201379776001,1.1836341619491577,0.7180520296096802,1.097783088684082,0.584899365901947,1.1227834224700928,0.7624433040618896,1.1569350957870483,0.7388180494308472,1.1924608945846558,0.6410962343215942,1.298695683479309,0.7154265642166138,1.0678069591522217,0.6908836364746094,1.1769723892211914,0.8025616407394409,0.9112237691879272,10.208294868469238,0.7031112180815803,10.208295464515686,4
2022-08-08 23:10:18,27.1min,ca93ce0d2d7f4ff49ebbf4ce96dcf4b0,input_35_one-hot_spelling,LOCAL,/usr/local/lib/python3.7/dist-packages/ipykernel_launcher.py,root,FINISHED,16,None,"['abc', 'bps', 'mps', 'tavern', 'wir', 'wirwtc']","['Bass35', 'Chromagram35', 'MeasureNoteOnset14']",True,dataset-input_35_one-hot_spelling,"['Alto35', 'Bass35', 'HarmonicRhythm7', 'LocalKey38', 'PitchClassSet121', 'RomanNumeral31', 'Soprano35', 'Tenor35', 'TonicizedKey38']",False,640,False,"['abc', 'bps', 'mps', 'tavern', 'wir', 'wirwtc']",False,False,"('A', 'A-', 'B', 'B-', 'B--', 'C', 'C#', 'C-', 'D', 'D#', 'D-', 'E', 'E-', 'F', 'F#', 'F-', 'G', 'G#', 'G-', 'a', 'a#', 'a-', 'b', 'b#', 'b-', 'c', 'c#', 'd', 'd#', 'd-', 'e', 'e#', 'e-', 'f', 'f#', 'g', 'g#', 'g-')",dataset,100,0,10,False,0.9,0.999,0.0,1e-07,"{'class_name': 'PiecewiseConstantDecay', 'config': {'boundaries': [4520], 'values': [0.001, 0.001], 'name': None}}",Adam,None,True,None,False,None,1,0.0,None,1,0.7864220142364502,0.6679296493530273,0.8385676741600037,0.5336824059486389,0.8407836556434631,0.4573116898536682,0.9072422385215759,0.28711459040641785,0.8308160901069641,0.5978280305862427,0.7302637696266174,0.8962497711181641,0.8130763173103333,0.5957112312316895,0.8200269341468811,0.5970902442932129,0.8852428793907166,0.3667045831680298,4.9996232986450195,0.652,0.708,0.778,0.738,0.722,0.61,0.702,0.681,0.781,0.388,0.6809133887290955,1.1741142272949219,0.7322066426277161,1.0783262252807617,0.8023774027824402,0.5873665809631348,0.7555803656578064,1.2135823965072632,0.7386231422424316,1.1826344728469849,0.6357107162475586,1.3229762315750122,0.7222718000411987,1.052827000617981,0.7048788070678711,1.1461474895477295,0.7923752665519714,0.9558608531951904,9.713834762573242,0.7294375035497878,9.71383547782898,4
2022-08-08 22:42:13,28.1min,dd54f8d9706c4bfc918394fd47b86e2e,baseline,LOCAL,/usr/local/lib/python3.7/dist-packages/ipykernel_launcher.py,root,FINISHED,16,None,"['abc', 'bps', 'mps', 'tavern', 'wir', 'wirwtc']","['Bass19', 'Chromagram19', 'MeasureNoteOnset14']",True,dataset-baseline,"['Alto35', 'Bass35', 'HarmonicRhythm7', 'LocalKey38', 'PitchClassSet121', 'RomanNumeral31', 'Soprano35', 'Tenor35', 'TonicizedKey38']",False,640,False,"['abc', 'bps', 'mps', 'tavern', 'wir', 'wirwtc']",False,False,"('A', 'A-', 'B', 'B-', 'B--', 'C', 'C#', 'C-', 'D', 'D#', 'D-', 'E', 'E-', 'F', 'F#', 'F-', 'G', 'G#', 'G-', 'a', 'a#', 'a-', 'b', 'b#', 'b-', 'c', 'c#', 'd', 'd#', 'd-', 'e', 'e#', 'e-', 'f', 'f#', 'g', 'g#', 'g-')",dataset,100,0,10,False,0.9,0.999,0.0,1e-07,"{'class_name': 'PiecewiseConstantDecay', 'config': {'boundaries': [4520], 'values': [0.001, 0.001], 'name': None}}",Adam,None,True,None,False,None,1,0.0,None,1,0.78788161277771,0.6678472757339478,0.8387306332588196,0.5368656516075134,0.843387246131897,0.45910680294036865,0.9146748185157776,0.2592095732688904,0.8305047750473022,0.6024304628372192,0.7294739484786987,0.9035710096359253,0.8130102753639221,0.5971002578735352,0.820719838142395,0.5957795977592468,0.8894870281219482,0.35144686698913574,4.973356246948242,0.654,0.714,0.788,0.744,0.723,0.601,0.702,0.678,0.777,0.393,0.6775155663490295,1.195085048675537,0.7328302264213562,1.0943201780319214,0.8059488534927368,0.5818196535110474,0.7514278888702393,1.2407490015029907,0.7405009865760803,1.2052053213119507,0.6298930048942566,1.37685227394104,0.727501392364502,1.066929578781128,0.7045068144798279,1.1680132150650024,0.7845627665519714,0.982603132724762,9.911578178405762,0.7282986111111112,9.91157740354538,4
2022-08-08 22:12:47,20.8min,f26fbbf7e42e46118e5b630c5317d6b1,gru_unidirectional,LOCAL,/usr/local/lib/python3.7/dist-packages/ipykernel_launcher.py,root,FINISHED,16,None,"['abc', 'bps', 'mps', 'tavern', 'wir', 'wirwtc']","['Bass19', 'Chromagram19', 'MeasureNoteOnset14']",True,dataset-baseline,"['Alto35', 'Bass35', 'HarmonicRhythm7', 'LocalKey38', 'PitchClassSet121', 'RomanNumeral31', 'Soprano35', 'Tenor35', 'TonicizedKey38']",False,640,False,"['abc', 'bps', 'mps', 'tavern', 'wir', 'wirwtc']",False,False,"('A', 'A-', 'B', 'B-', 'B--', 'C', 'C#', 'C-', 'D', 'D#', 'D-', 'E', 'E-', 'F', 'F#', 'F-', 'G', 'G#', 'G-', 'a', 'a#', 'a-', 'b', 'b#', 'b-', 'c', 'c#', 'd', 'd#', 'd-', 'e', 'e#', 'e-', 'f', 'f#', 'g', 'g#', 'g-')",dataset,100,0,10,False,0.9,0.999,0.0,1e-07,"{'class_name': 'PiecewiseConstantDecay', 'config': {'boundaries': [4400], 'values': [0.001, 0.001], 'name': None}}",Adam,None,True,None,False,None,1,0.0,None,1,0.7337266206741333,0.8582272529602051,0.7907702922821045,0.7211363315582275,0.8231434226036072,0.5321512222290039,0.8383379578590393,0.5222018361091614,0.7709865570068359,0.8604757189750671,0.6452628970146179,1.1948903799057007,0.7590711712837219,0.7909157276153564,0.7618241310119629,0.8093008995056152,0.8274332284927368,0.5690232515335083,6.858325481414795,0.674,0.749,0.796,0.73,0.722,0.565,0.71,0.705,0.751,0.383,0.6910977959632874,1.011579990386963,0.7579158544540405,0.8490642309188843,0.8106744885444641,0.5431123375892639,0.7330254316329956,0.9624577164649963,0.7400488257408142,1.0357803106307983,0.6082978248596191,1.3574930429458618,0.7282690405845642,0.9178639650344849,0.7223759889602661,0.9623110294342041,0.7545998096466064,0.8613758087158203,8.501039505004883,0.7273672289318509,8.501038432121277,3
2022-08-08 22:01:42,11.1min,9e2436b336c94bd4a4a2101ba4348b5c,gru_nogru,LOCAL,/usr/local/lib/python3.7/dist-packages/ipykernel_launcher.py,root,FINISHED,16,None,"['abc', 'bps', 'mps', 'tavern', 'wir', 'wirwtc']","['Bass19', 'Chromagram19', 'MeasureNoteOnset14']",True,dataset-baseline,"['Alto35', 'Bass35', 'HarmonicRhythm7', 'LocalKey38', 'PitchClassSet121', 'RomanNumeral31', 'Soprano35', 'Tenor35', 'TonicizedKey38']",False,640,False,"['abc', 'bps', 'mps', 'tavern', 'wir', 'wirwtc']",False,False,"('A', 'A-', 'B', 'B-', 'B--', 'C', 'C#', 'C-', 'D', 'D#', 'D-', 'E', 'E-', 'F', 'F#', 'F-', 'G', 'G#', 'G-', 'a', 'a#', 'a-', 'b', 'b#', 'b-', 'c', 'c#', 'd', 'd#', 'd-', 'e', 'e#', 'e-', 'f', 'f#', 'g', 'g#', 'g-')",dataset,100,0,10,False,0.9,0.999,0.0,1e-07,"{'class_name': 'PiecewiseConstantDecay', 'config': {'boundaries': [4400], 'values': [0.001, 0.001], 'name': None}}",Adam,None,True,None,False,None,1,0.0,None,1,0.6610517501831055,1.0803086757659912,0.7203948497772217,0.9497874975204468,0.7476837038993835,0.6284500360488892,0.6351845860481262,1.2115799188613892,0.7038672566413879,1.1118561029434204,0.5463142991065979,1.4795409440994263,0.7001071572303772,0.9832102656364441,0.6821977496147156,1.0516490936279297,0.700204610824585,0.9744834899902344,9.470863342285156,0.631,0.709,0.725,0.624,0.689,0.518,0.686,0.66,0.695,0.312,0.6596818566322327,1.093515157699585,0.73221755027771,0.9255878329277039,0.7463364005088806,0.6040723323822021,0.6537857055664062,1.1541519165039062,0.7137619256973267,1.0983856916427612,0.5552761554718018,1.481768012046814,0.7104740738868713,0.9681557416915894,0.6869269609451294,1.0432881116867065,0.7188940644264221,0.9363095760345459,9.305234909057617,0.6863727437125312,9.305234372615814,3
2022-08-08 21:32:47,28.9min,b1c08224e2fd4d4b983cbdfc8e75bb5d,dense_lineardense,LOCAL,/usr/local/lib/python3.7/dist-packages/ipykernel_launcher.py,root,FINISHED,16,None,"['abc', 'bps', 'mps', 'tavern', 'wir', 'wirwtc']","['Bass19', 'Chromagram19', 'MeasureNoteOnset14']",True,dataset-baseline,"['Alto35', 'Bass35', 'HarmonicRhythm7', 'LocalKey38', 'PitchClassSet121', 'RomanNumeral31', 'Soprano35', 'Tenor35', 'TonicizedKey38']",False,640,False,"['abc', 'bps', 'mps', 'tavern', 'wir', 'wirwtc']",False,False,"('A', 'A-', 'B', 'B-', 'B--', 'C', 'C#', 'C-', 'D', 'D#', 'D-', 'E', 'E-', 'F', 'F#', 'F-', 'G', 'G#', 'G-', 'a', 'a#', 'a-', 'b', 'b#', 'b-', 'c', 'c#', 'd', 'd#', 'd-', 'e', 'e#', 'e-', 'f', 'f#', 'g', 'g#', 'g-')",dataset,100,0,10,False,0.9,0.999,0.0,1e-07,"{'class_name': 'PiecewiseConstantDecay', 'config': {'boundaries': [4400], 'values': [0.001, 0.001], 'name': None}}",Adam,None,True,None,False,None,1,0.0,None,1,0.7698448300361633,0.7161161303520203,0.8245234489440918,0.5814540386199951,0.8420900702476501,0.4582280218601227,0.8972913026809692,0.32002055644989014,0.822189450263977,0.6272399425506592,0.7174293398857117,0.9415866732597351,0.8008689284324646,0.6330365538597107,0.8028778433799744,0.6480075120925903,0.8835769295692444,0.38123154640197754,5.306919574737549,0.687,0.758,0.805,0.789,0.758,0.627,0.739,0.724,0.803,0.434,0.6993393301963806,0.9830688834190369,0.7699868679046631,0.8056808710098267,0.8178701400756836,0.5161614418029785,0.8159725666046143,0.764506995677948,0.7643474340438843,0.9447000622749329,0.6520509719848633,1.214524269104004,0.7508830428123474,0.844404935836792,0.7383078932762146,0.9125210642814636,0.815812885761261,0.7022463083267212,7.6878156661987305,0.7582856814066569,7.687814831733704,3
2022-08-08 21:09:14,23.5min,7b97b18861f841838363e4f9a2cc8270,conv_noconv,LOCAL,/usr/local/lib/python3.7/dist-packages/ipykernel_launcher.py,root,FINISHED,16,None,"['abc', 'bps', 'mps', 'tavern', 'wir', 'wirwtc']","['Bass19', 'Chromagram19', 'MeasureNoteOnset14']",True,dataset-baseline,"['Alto35', 'Bass35', 'HarmonicRhythm7', 'LocalKey38', 'PitchClassSet121', 'RomanNumeral31', 'Soprano35', 'Tenor35', 'TonicizedKey38']",False,640,False,"['abc', 'bps', 'mps', 'tavern', 'wir', 'wirwtc']",False,False,"('A', 'A-', 'B', 'B-', 'B--', 'C', 'C#', 'C-', 'D', 'D#', 'D-', 'E', 'E-', 'F', 'F#', 'F-', 'G', 'G#', 'G-', 'a', 'a#', 'a-', 'b', 'b#', 'b-', 'c', 'c#', 'd', 'd#', 'd-', 'e', 'e#', 'e-', 'f', 'f#', 'g', 'g#', 'g-')",dataset,100,0,10,False,0.9,0.999,0.0,1e-07,"{'class_name': 'PiecewiseConstantDecay', 'config': {'boundaries': [4400], 'values': [0.001, 0.001], 'name': None}}",Adam,None,True,None,False,None,1,0.0,None,1,0.7420927286148071,0.8115798234939575,0.7954170107841492,0.6782525777816772,0.8151758909225464,0.5411239862442017,0.8767768740653992,0.3947315514087677,0.796793520450592,0.7259477376937866,0.6818806529045105,1.0574309825897217,0.7750620245933533,0.7181581854820251,0.7725650072097778,0.749337375164032,0.8675435781478882,0.4385322034358978,6.115091323852539,0.683,0.754,0.799,0.81,0.746,0.625,0.735,0.721,0.816,0.43,0.7081632018089294,0.9525537490844727,0.7713959217071533,0.7939971685409546,0.8153055906295776,0.5260580778121948,0.8188627362251282,0.6881473660469055,0.7656594514846802,0.9242995977401733,0.6528369188308716,1.1981037855148315,0.756606936454773,0.8236421942710876,0.7385364770889282,0.8982129096984863,0.8286479115486145,0.6380317211151123,7.4430460929870605,0.7617794606420729,7.443046569824219,3
2022-08-08 20:41:23,27.8min,c50770679158447c898792ca4bed6052,conv_constant_filters,LOCAL,/usr/local/lib/python3.7/dist-packages/ipykernel_launcher.py,root,FINISHED,16,None,"['abc', 'bps', 'mps', 'tavern', 'wir', 'wirwtc']","['Bass19', 'Chromagram19', 'MeasureNoteOnset14']",True,dataset-baseline,"['Alto35', 'Bass35', 'HarmonicRhythm7', 'LocalKey38', 'PitchClassSet121', 'RomanNumeral31', 'Soprano35', 'Tenor35', 'TonicizedKey38']",False,640,False,"['abc', 'bps', 'mps', 'tavern', 'wir', 'wirwtc']",False,False,"('A', 'A-', 'B', 'B-', 'B--', 'C', 'C#', 'C-', 'D', 'D#', 'D-', 'E', 'E-', 'F', 'F#', 'F-', 'G', 'G#', 'G-', 'a', 'a#', 'a-', 'b', 'b#', 'b-', 'c', 'c#', 'd', 'd#', 'd-', 'e', 'e#', 'e-', 'f', 'f#', 'g', 'g#', 'g-')",dataset,100,0,10,False,0.9,0.999,0.0,1e-07,"{'class_name': 'PiecewiseConstantDecay', 'config': {'boundaries': [4400], 'values': [0.001, 0.001], 'name': None}}",Adam,None,True,None,False,None,1,0.0,None,1,0.7747493386268616,0.706153154373169,0.8268751502037048,0.5728521943092346,0.8458155989646912,0.45333459973335266,0.8961451053619385,0.32426825165748596,0.8173691034317017,0.6431751847267151,0.7094449996948242,0.9593845009803772,0.799278974533081,0.6359711289405823,0.8054253458976746,0.6370009779930115,0.8747882843017578,0.40305399894714355,5.335193634033203,0.681,0.753,0.804,0.792,0.744,0.622,0.728,0.714,0.804,0.422,0.6908441781997681,1.0400359630584717,0.7581350207328796,0.877072811126709,0.8156030774116516,0.5193261504173279,0.7983686327934265,0.7664864659309387,0.7529026865959167,1.0139576196670532,0.6409569382667542,1.260824203491211,0.7370365858078003,0.9114269018173218,0.7252317070960999,1.003700613975525,0.8082947134971619,0.7112560272216797,8.104086875915527,0.7474859489334954,8.104086756706238,3
2022-08-08 20:15:35,25.8min,783bfb9d370c4139b79e6937ad59b7a0,conv_single_block,LOCAL,/usr/local/lib/python3.7/dist-packages/ipykernel_launcher.py,root,FINISHED,16,None,"['abc', 'bps', 'mps', 'tavern', 'wir', 'wirwtc']","['Bass19', 'Chromagram19', 'MeasureNoteOnset14']",True,dataset-baseline,"['Alto35', 'Bass35', 'HarmonicRhythm7', 'LocalKey38', 'PitchClassSet121', 'RomanNumeral31', 'Soprano35', 'Tenor35', 'TonicizedKey38']",False,640,False,"['abc', 'bps', 'mps', 'tavern', 'wir', 'wirwtc']",False,False,"('A', 'A-', 'B', 'B-', 'B--', 'C', 'C#', 'C-', 'D', 'D#', 'D-', 'E', 'E-', 'F', 'F#', 'F-', 'G', 'G#', 'G-', 'a', 'a#', 'a-', 'b', 'b#', 'b-', 'c', 'c#', 'd', 'd#', 'd-', 'e', 'e#', 'e-', 'f', 'f#', 'g', 'g#', 'g-')",dataset,100,0,10,False,0.9,0.999,0.0,1e-07,"{'class_name': 'PiecewiseConstantDecay', 'config': {'boundaries': [4400], 'values': [0.001, 0.001], 'name': None}}",Adam,None,True,None,False,None,1,0.0,None,1,0.7709998488426208,0.722970187664032,0.817756175994873,0.6039827466011047,0.834238588809967,0.493850439786911,0.8929890990257263,0.33611801266670227,0.8153743147850037,0.653058648109436,0.7111616134643555,0.9635782241821289,0.7976013422012329,0.6451668739318848,0.7984649538993835,0.6644476056098938,0.8765722513198853,0.4020828902721405,5.485255241394043,0.686,0.751,0.804,0.794,0.752,0.623,0.74,0.723,0.806,0.428,0.6985721588134766,0.9968270659446716,0.7628287672996521,0.8352294564247131,0.8198396563529968,0.5271273255348206,0.8099010586738586,0.7462936639785767,0.7575369477272034,0.9710295796394348,0.6437625288963318,1.2565758228302002,0.7503789067268372,0.8491097688674927,0.7323365211486816,0.9360308051109314,0.8181268572807312,0.6988016963005066,7.817026615142822,0.7548092669910855,7.817025184631348,3
2022-08-08 19:44:57,30.6min,1358068093044dc0974781be50f07772,input_no_chroma,LOCAL,/usr/local/lib/python3.7/dist-packages/ipykernel_launcher.py,root,FINISHED,16,None,"['abc', 'bps', 'mps', 'tavern', 'wir', 'wirwtc']","['Bass19', 'MeasureNoteOnset14']",True,dataset-input_no_chroma,"['Alto35', 'Bass35', 'HarmonicRhythm7', 'LocalKey38', 'PitchClassSet121', 'RomanNumeral31', 'Soprano35', 'Tenor35', 'TonicizedKey38']",False,640,False,"['abc', 'bps', 'mps', 'tavern', 'wir', 'wirwtc']",False,False,"('A', 'A-', 'B', 'B-', 'B--', 'C', 'C#', 'C-', 'D', 'D#', 'D-', 'E', 'E-', 'F', 'F#', 'F-', 'G', 'G#', 'G-', 'a', 'a#', 'a-', 'b', 'b#', 'b-', 'c', 'c#', 'd', 'd#', 'd-', 'e', 'e#', 'e-', 'f', 'f#', 'g', 'g#', 'g-')",dataset,100,0,10,False,0.9,0.999,0.0,1e-07,"{'class_name': 'PiecewiseConstantDecay', 'config': {'boundaries': [4400], 'values': [0.001, 0.001], 'name': None}}",Adam,None,True,None,False,None,1,0.0,None,1,0.6666684150695801,1.0367215871810913,0.78547602891922,0.7175192832946777,0.7914753556251526,0.5611967444419861,0.8805413842201233,0.38921838998794556,0.642971396446228,1.20625638961792,0.5538486838340759,1.4129620790481567,0.6537893414497375,1.0283530950546265,0.7058797478675842,0.9510153532028198,0.8283872008323669,0.5730396509170532,7.876284599304199,0.567,0.738,0.737,0.744,0.517,0.422,0.556,0.614,0.707,0.277,0.5995616316795349,1.293054223060608,0.7532157897949219,0.8619476556777954,0.7732151746749878,0.5944428443908691,0.747592031955719,1.0168317556381226,0.5484563112258911,1.6571745872497559,0.47466808557510376,1.7155697345733643,0.5843968987464905,1.2718901634216309,0.6387525200843811,1.2149922847747803,0.7212926149368286,1.02418851852417,10.650090217590332,0.6490167842970954,10.650091767311096,3
2022-08-08 19:14:09,30.8min,1f3daece25c84bdbbc7c6c5d40071902,input_no_bottom,LOCAL,/usr/local/lib/python3.7/dist-packages/ipykernel_launcher.py,root,FINISHED,16,None,"['abc', 'bps', 'mps', 'tavern', 'wir', 'wirwtc']","['Chromagram19', 'MeasureNoteOnset14']",True,dataset-input_no_bottom,"['Alto35', 'Bass35', 'HarmonicRhythm7', 'LocalKey38', 'PitchClassSet121', 'RomanNumeral31', 'Soprano35', 'Tenor35', 'TonicizedKey38']",False,640,False,"['abc', 'bps', 'mps', 'tavern', 'wir', 'wirwtc']",False,False,"('A', 'A-', 'B', 'B-', 'B--', 'C', 'C#', 'C-', 'D', 'D#', 'D-', 'E', 'E-', 'F', 'F#', 'F-', 'G', 'G#', 'G-', 'a', 'a#', 'a-', 'b', 'b#', 'b-', 'c', 'c#', 'd', 'd#', 'd-', 'e', 'e#', 'e-', 'f', 'f#', 'g', 'g#', 'g-')",dataset,100,0,10,False,0.9,0.999,0.0,1e-07,"{'class_name': 'PiecewiseConstantDecay', 'config': {'boundaries': [4400], 'values': [0.001, 0.001], 'name': None}}",Adam,None,True,None,False,None,1,0.0,None,1,0.656973659992218,0.9957838654518127,0.6880784034729004,0.9044848680496216,0.8371058106422424,0.48068544268608093,0.8891484141349792,0.34548690915107727,0.8113847970962524,0.6770834922790527,0.7060737609863281,0.9800638556480408,0.7486642599105835,0.7654959559440613,0.6734029650688171,0.967049241065979,0.8723595142364502,0.415709525346756,6.531845569610596,0.536,0.572,0.808,0.8,0.748,0.63,0.678,0.548,0.807,0.306,0.5470816493034363,1.3205955028533936,0.588047981262207,1.2131112813949585,0.8149517774581909,0.5281233787536621,0.808811366558075,0.7162507176399231,0.7470158934593201,0.9871571063995361,0.6391658186912537,1.2479084730148315,0.683720588684082,1.0149790048599243,0.5664234757423401,1.3040183782577515,0.8068731427192688,0.6966097950935364,9.028751373291016,0.689121299319797,9.028753638267517,3
2022-08-08 18:43:08,31.0min,2f4c43a150234869adf681781022884d,input_no_onset,LOCAL,/usr/local/lib/python3.7/dist-packages/ipykernel_launcher.py,root,FINISHED,16,None,"['abc', 'bps', 'mps', 'tavern', 'wir', 'wirwtc']","['Bass19', 'Chromagram19']",True,dataset-input_no_onset,"['Alto35', 'Bass35', 'HarmonicRhythm7', 'LocalKey38', 'PitchClassSet121', 'RomanNumeral31', 'Soprano35', 'Tenor35', 'TonicizedKey38']",False,640,False,"['abc', 'bps', 'mps', 'tavern', 'wir', 'wirwtc']",False,False,"('A', 'A-', 'B', 'B-', 'B--', 'C', 'C#', 'C-', 'D', 'D#', 'D-', 'E', 'E-', 'F', 'F#', 'F-', 'G', 'G#', 'G-', 'a', 'a#', 'a-', 'b', 'b#', 'b-', 'c', 'c#', 'd', 'd#', 'd-', 'e', 'e#', 'e-', 'f', 'f#', 'g', 'g#', 'g-')",dataset,100,0,10,False,0.9,0.999,0.0,1e-07,"{'class_name': 'PiecewiseConstantDecay', 'config': {'boundaries': [4400], 'values': [0.001, 0.001], 'name': None}}",Adam,None,True,None,False,None,1,0.0,None,1,0.755017876625061,0.7747846245765686,0.8030975461006165,0.6526420712471008,0.6189076900482178,1.0235011577606201,0.8956862688064575,0.32872894406318665,0.8002577424049377,0.7112503051757812,0.7030222415924072,0.9863578677177429,0.7848958373069763,0.6857402324676514,0.7828408479690552,0.7171816825866699,0.8749725222587585,0.403699666261673,6.283888339996338,0.666,0.734,0.58,0.808,0.736,0.623,0.726,0.702,0.812,0.423,0.6884205937385559,1.0257903337478638,0.7477423548698425,0.8892022967338562,0.6154277324676514,1.059717059135437,0.8240825533866882,0.6701533794403076,0.7540393471717834,0.9780851602554321,0.6493988037109375,1.2167460918426514,0.7435276508331299,0.8744701147079468,0.718953549861908,0.9753611087799072,0.8201496601104736,0.653896689414978,8.343421936035156,0.7290824717945523,8.34342223405838,3
2022-08-08 18:09:15,33.9min,2ae590ce751e441f90d66073dfc891d0,input_35_one-hot_spelling,LOCAL,/usr/local/lib/python3.7/dist-packages/ipykernel_launcher.py,root,FINISHED,16,None,"['abc', 'bps', 'mps', 'tavern', 'wir', 'wirwtc']","['Bass35', 'Chromagram35', 'MeasureNoteOnset14']",True,dataset-input_35_one-hot_spelling,"['Alto35', 'Bass35', 'HarmonicRhythm7', 'LocalKey38', 'PitchClassSet121', 'RomanNumeral31', 'Soprano35', 'Tenor35', 'TonicizedKey38']",False,640,False,"['abc', 'bps', 'mps', 'tavern', 'wir', 'wirwtc']",False,False,"('A', 'A-', 'B', 'B-', 'B--', 'C', 'C#', 'C-', 'D', 'D#', 'D-', 'E', 'E-', 'F', 'F#', 'F-', 'G', 'G#', 'G-', 'a', 'a#', 'a-', 'b', 'b#', 'b-', 'c', 'c#', 'd', 'd#', 'd-', 'e', 'e#', 'e-', 'f', 'f#', 'g', 'g#', 'g-')",dataset,100,0,10,False,0.9,0.999,0.0,1e-07,"{'class_name': 'PiecewiseConstantDecay', 'config': {'boundaries': [4400], 'values': [0.001, 0.001], 'name': None}}",Adam,None,True,None,False,None,1,0.0,None,1,0.7733516097068787,0.7110158801078796,0.8260779976844788,0.580109179019928,0.8305387496948242,0.49665144085884094,0.897006094455719,0.32129672169685364,0.8190990090370178,0.6435117721557617,0.7165027856826782,0.9453029036521912,0.8001603484153748,0.6344810128211975,0.8033730387687683,0.6464353203773499,0.8792348504066467,0.3902331292629242,5.369038105010986,0.684,0.753,0.794,0.796,0.749,0.629,0.732,0.721,0.804,0.426,0.7015906572341919,0.9946603775024414,0.7677855491638184,0.8274453282356262,0.8122901916503906,0.5389648079872131,0.7972601652145386,0.7882969379425049,0.7596599459648132,0.9691312313079834,0.6416082382202148,1.2431824207305908,0.7445828914642334,0.8590810894966125,0.7348759770393372,0.9322559833526611,0.8047156929969788,0.7134531140327454,7.866470813751221,0.7515965898831686,7.866471290588379,3
2022-08-08 17:35:43,33.5min,7fbf2c37b91f47ae95d6815e499df641,baseline,LOCAL,/usr/local/lib/python3.7/dist-packages/ipykernel_launcher.py,root,FINISHED,16,None,"['abc', 'bps', 'mps', 'tavern', 'wir', 'wirwtc']","['Bass19', 'Chromagram19', 'MeasureNoteOnset14']",True,dataset-baseline,"['Alto35', 'Bass35', 'HarmonicRhythm7', 'LocalKey38', 'PitchClassSet121', 'RomanNumeral31', 'Soprano35', 'Tenor35', 'TonicizedKey38']",False,640,False,"['abc', 'bps', 'mps', 'tavern', 'wir', 'wirwtc']",False,False,"('A', 'A-', 'B', 'B-', 'B--', 'C', 'C#', 'C-', 'D', 'D#', 'D-', 'E', 'E-', 'F', 'F#', 'F-', 'G', 'G#', 'G-', 'a', 'a#', 'a-', 'b', 'b#', 'b-', 'c', 'c#', 'd', 'd#', 'd-', 'e', 'e#', 'e-', 'f', 'f#', 'g', 'g#', 'g-')",dataset,100,0,10,False,0.9,0.999,0.0,1e-07,"{'class_name': 'PiecewiseConstantDecay', 'config': {'boundaries': [4400], 'values': [0.001, 0.001], 'name': None}}",Adam,None,True,None,False,None,1,0.0,None,1,0.762675404548645,0.7450668811798096,0.8148747682571411,0.6106336712837219,0.8329223394393921,0.4897916316986084,0.8839206099510193,0.3578876256942749,0.8111075758934021,0.6744229197502136,0.7051782011985779,0.981633186340332,0.7905355095863342,0.6688452363014221,0.7917818427085876,0.6802117228507996,0.8698651790618896,0.4229077100753784,5.631399631500244,0.685,0.759,0.805,0.795,0.75,0.63,0.731,0.728,0.804,0.426,0.6858466863632202,1.0305172204971313,0.7616138458251953,0.8519883751869202,0.8206819891929626,0.5131227970123291,0.7962863445281982,0.7766105532646179,0.75215744972229,0.9933925271034241,0.6267973184585571,1.2973414659500122,0.7408254146575928,0.8775697350502014,0.7264466285705566,0.9578324556350708,0.7983811497688293,0.7354166507720947,8.033790588378906,0.7454485363430448,8.033791780471802,3
2022-08-08 17:07:50,13.8min,de47c5898b514c6f83debba62797389e,gru_unidirectional,LOCAL,/usr/local/lib/python3.7/dist-packages/ipykernel_launcher.py,root,FINISHED,16,None,"['abc', 'bps', 'mps', 'tavern', 'wir', 'wirwtc']","['Bass19', 'Chromagram19', 'MeasureNoteOnset14']",True,dataset-baseline,"['Alto35', 'Bass35', 'HarmonicRhythm7', 'LocalKey38', 'PitchClassSet121', 'RomanNumeral31', 'Soprano35', 'Tenor35', 'TonicizedKey38']",False,640,False,"['abc', 'bps', 'mps', 'tavern', 'wir', 'wirwtc']",False,False,"('A', 'A-', 'B', 'B-', 'B--', 'C', 'C#', 'C-', 'D', 'D#', 'D-', 'E', 'E-', 'F', 'F#', 'F-', 'G', 'G#', 'G-', 'a', 'a#', 'a-', 'b', 'b#', 'b-', 'c', 'c#', 'd', 'd#', 'd-', 'e', 'e#', 'e-', 'f', 'f#', 'g', 'g#', 'g-')",dataset,100,0,10,False,0.9,0.999,0.0,1e-07,"{'class_name': 'PiecewiseConstantDecay', 'config': {'boundaries': [4360], 'values': [0.001, 0.001], 'name': None}}",Adam,None,True,None,False,None,1,0.0,None,1,0.739425539970398,0.838602602481842,0.7997410893440247,0.6972087025642395,0.8283447623252869,0.5136801600456238,0.8253603577613831,0.5619763135910034,0.7815516591072083,0.8311390280723572,0.662136971950531,1.1498562097549438,0.7661241888999939,0.7728233337402344,0.7727994918823242,0.7769486308097839,0.8268436789512634,0.5755901336669922,6.7178263664245605,0.641,0.725,0.769,0.706,0.684,0.517,0.689,0.678,0.731,0.359,0.6647096872329712,1.1409672498703003,0.7393737435340881,0.948854923248291,0.7921289205551147,0.6353482007980347,0.701984703540802,1.1193863153457642,0.7043084502220154,1.2452384233474731,0.5523021221160889,1.5048314332962036,0.709821879863739,1.0251773595809937,0.6959412097930908,1.0946449041366577,0.7307538390159607,0.9898074865341187,9.704257011413574,0.6990360617637634,9.704256296157837,2
2022-08-08 17:01:38,6.2min,aead77fd5771416aa4306511033b052f,gru_nogru,LOCAL,/usr/local/lib/python3.7/dist-packages/ipykernel_launcher.py,root,FINISHED,16,None,"['abc', 'bps', 'mps', 'tavern', 'wir', 'wirwtc']","['Bass19', 'Chromagram19', 'MeasureNoteOnset14']",True,dataset-baseline,"['Alto35', 'Bass35', 'HarmonicRhythm7', 'LocalKey38', 'PitchClassSet121', 'RomanNumeral31', 'Soprano35', 'Tenor35', 'TonicizedKey38']",False,640,False,"['abc', 'bps', 'mps', 'tavern', 'wir', 'wirwtc']",False,False,"('A', 'A-', 'B', 'B-', 'B--', 'C', 'C#', 'C-', 'D', 'D#', 'D-', 'E', 'E-', 'F', 'F#', 'F-', 'G', 'G#', 'G-', 'a', 'a#', 'a-', 'b', 'b#', 'b-', 'c', 'c#', 'd', 'd#', 'd-', 'e', 'e#', 'e-', 'f', 'f#', 'g', 'g#', 'g-')",dataset,100,0,10,False,0.9,0.999,0.0,1e-07,"{'class_name': 'PiecewiseConstantDecay', 'config': {'boundaries': [4360], 'values': [0.001, 0.001], 'name': None}}",Adam,None,True,None,False,None,1,0.0,None,1,0.6655164361000061,1.0643057823181152,0.7281792759895325,0.9228047132492065,0.7583481669425964,0.5979934930801392,0.641176700592041,1.1913177967071533,0.7145750522613525,1.0797592401504517,0.56309974193573,1.4449982643127441,0.7081800103187561,0.9604507684707642,0.6914988160133362,1.0244747400283813,0.7063772678375244,0.9623619318008423,9.248466491699219,0.615,0.69,0.712,0.573,0.656,0.458,0.663,0.642,0.647,0.278,0.6482526063919067,1.1488784551620483,0.7131626009941101,1.0018064975738525,0.7382797002792358,0.6479178667068481,0.5926836729049683,1.3854433298110962,0.6829080581665039,1.2621346712112427,0.5046505331993103,1.566841959953308,0.6914324164390564,1.0505694150924683,0.6706083416938782,1.129903793334961,0.6650764346122742,1.1113430261611938,10.304840087890625,0.6563393738534715,10.304839015007019,2
2022-08-08 16:40:19,21.3min,177f245236f042d1b495e89755c4f2d7,dense_lineardense,LOCAL,/usr/local/lib/python3.7/dist-packages/ipykernel_launcher.py,root,FINISHED,16,None,"['abc', 'bps', 'mps', 'tavern', 'wir', 'wirwtc']","['Bass19', 'Chromagram19', 'MeasureNoteOnset14']",True,dataset-baseline,"['Alto35', 'Bass35', 'HarmonicRhythm7', 'LocalKey38', 'PitchClassSet121', 'RomanNumeral31', 'Soprano35', 'Tenor35', 'TonicizedKey38']",False,640,False,"['abc', 'bps', 'mps', 'tavern', 'wir', 'wirwtc']",False,False,"('A', 'A-', 'B', 'B-', 'B--', 'C', 'C#', 'C-', 'D', 'D#', 'D-', 'E', 'E-', 'F', 'F#', 'F-', 'G', 'G#', 'G-', 'a', 'a#', 'a-', 'b', 'b#', 'b-', 'c', 'c#', 'd', 'd#', 'd-', 'e', 'e#', 'e-', 'f', 'f#', 'g', 'g#', 'g-')",dataset,100,0,10,False,0.9,0.999,0.0,1e-07,"{'class_name': 'PiecewiseConstantDecay', 'config': {'boundaries': [4360], 'values': [0.001, 0.001], 'name': None}}",Adam,None,True,None,False,None,1,0.0,None,1,0.7722558379173279,0.7179222702980042,0.8254573345184326,0.5825879573822021,0.8391176462173462,0.46166661381721497,0.8924259543418884,0.3331775963306427,0.8242400884628296,0.6314407587051392,0.7263453602790833,0.917467474937439,0.8030288815498352,0.6337825059890747,0.8012350797653198,0.6543470025062561,0.8791891932487488,0.39071452617645264,5.323108196258545,0.67,0.745,0.772,0.774,0.722,0.573,0.719,0.703,0.788,0.412,0.6930720210075378,1.0675969123840332,0.7604444026947021,0.8910691738128662,0.7961938977241516,0.5943706035614014,0.7825628519058228,0.8657216429710388,0.7452940344810486,1.0831379890441895,0.6116340160369873,1.3507838249206543,0.7421474456787109,0.9472885727882385,0.7236039042472839,1.010663628578186,0.8018676042556763,0.7684215307235718,8.579051971435547,0.7396466864479913,8.57905387878418,2
2022-08-08 16:22:03,18.3min,e7d53efca2294a5c953ecf1b85dacd96,conv_noconv,LOCAL,/usr/local/lib/python3.7/dist-packages/ipykernel_launcher.py,root,FINISHED,16,None,"['abc', 'bps', 'mps', 'tavern', 'wir', 'wirwtc']","['Bass19', 'Chromagram19', 'MeasureNoteOnset14']",True,dataset-baseline,"['Alto35', 'Bass35', 'HarmonicRhythm7', 'LocalKey38', 'PitchClassSet121', 'RomanNumeral31', 'Soprano35', 'Tenor35', 'TonicizedKey38']",False,640,False,"['abc', 'bps', 'mps', 'tavern', 'wir', 'wirwtc']",False,False,"('A', 'A-', 'B', 'B-', 'B--', 'C', 'C#', 'C-', 'D', 'D#', 'D-', 'E', 'E-', 'F', 'F#', 'F-', 'G', 'G#', 'G-', 'a', 'a#', 'a-', 'b', 'b#', 'b-', 'c', 'c#', 'd', 'd#', 'd-', 'e', 'e#', 'e-', 'f', 'f#', 'g', 'g#', 'g-')",dataset,100,0,10,False,0.9,0.999,0.0,1e-07,"{'class_name': 'PiecewiseConstantDecay', 'config': {'boundaries': [4360], 'values': [0.001, 0.001], 'name': None}}",Adam,None,True,None,False,None,1,0.0,None,1,0.7447154521942139,0.8043038249015808,0.797487199306488,0.6730141043663025,0.8257118463516235,0.5119777321815491,0.8694226741790771,0.4195839464664459,0.8020492196083069,0.7212632894515991,0.6968643069267273,1.0162982940673828,0.7774754166603088,0.7175251841545105,0.7749661803245544,0.7441636323928833,0.8639432787895203,0.44975146651268005,6.057880878448486,0.664,0.73,0.775,0.758,0.716,0.562,0.712,0.695,0.788,0.394,0.6877003312110901,1.0570422410964966,0.7491000890731812,0.9084905982017517,0.792252242565155,0.6165858507156372,0.7771264910697937,0.8717067241668701,0.7384523153305054,1.0846779346466064,0.5979690551757812,1.3638625144958496,0.7343565225601196,0.945628821849823,0.7135293483734131,1.0327566862106323,0.8004715442657471,0.7586036920547485,8.639352798461914,0.7323286599583096,8.639355063438416,2
2022-08-08 16:00:27,21.6min,546eac55271a47db980d79316c0bb6d9,conv_constant_filters,LOCAL,/usr/local/lib/python3.7/dist-packages/ipykernel_launcher.py,root,FINISHED,16,None,"['abc', 'bps', 'mps', 'tavern', 'wir', 'wirwtc']","['Bass19', 'Chromagram19', 'MeasureNoteOnset14']",True,dataset-baseline,"['Alto35', 'Bass35', 'HarmonicRhythm7', 'LocalKey38', 'PitchClassSet121', 'RomanNumeral31', 'Soprano35', 'Tenor35', 'TonicizedKey38']",False,640,False,"['abc', 'bps', 'mps', 'tavern', 'wir', 'wirwtc']",False,False,"('A', 'A-', 'B', 'B-', 'B--', 'C', 'C#', 'C-', 'D', 'D#', 'D-', 'E', 'E-', 'F', 'F#', 'F-', 'G', 'G#', 'G-', 'a', 'a#', 'a-', 'b', 'b#', 'b-', 'c', 'c#', 'd', 'd#', 'd-', 'e', 'e#', 'e-', 'f', 'f#', 'g', 'g#', 'g-')",dataset,100,0,10,False,0.9,0.999,0.0,1e-07,"{'class_name': 'PiecewiseConstantDecay', 'config': {'boundaries': [4360], 'values': [0.001, 0.001], 'name': None}}",Adam,None,True,None,False,None,1,0.0,None,1,0.779148280620575,0.6961352229118347,0.8309599161148071,0.56348717212677,0.8470245003700256,0.4405282139778137,0.9024513959884644,0.30093318223953247,0.8230041861534119,0.6326820850372314,0.7199013829231262,0.936460018157959,0.8019762635231018,0.6319318413734436,0.8111892938613892,0.6261779069900513,0.8806938529014587,0.3889325261116028,5.217268466949463,0.66,0.733,0.776,0.767,0.704,0.56,0.706,0.693,0.78,0.398,0.6843010187149048,1.127734661102295,0.7506811022758484,0.9795535206794739,0.8002896904945374,0.5894179344177246,0.7827478051185608,0.8934558629989624,0.7267967462539673,1.1838911771774292,0.5901596546173096,1.4229954481124878,0.7267751693725586,1.0107100009918213,0.7107340693473816,1.114604115486145,0.7967763543128967,0.8093467354774475,9.131709098815918,0.7299179567231072,9.131709456443787,2
2022-08-08 15:40:48,19.6min,47fd32f6577545759a1cf83a468d99fb,conv_single_block,LOCAL,/usr/local/lib/python3.7/dist-packages/ipykernel_launcher.py,root,FINISHED,16,None,"['abc', 'bps', 'mps', 'tavern', 'wir', 'wirwtc']","['Bass19', 'Chromagram19', 'MeasureNoteOnset14']",True,dataset-baseline,"['Alto35', 'Bass35', 'HarmonicRhythm7', 'LocalKey38', 'PitchClassSet121', 'RomanNumeral31', 'Soprano35', 'Tenor35', 'TonicizedKey38']",False,640,False,"['abc', 'bps', 'mps', 'tavern', 'wir', 'wirwtc']",False,False,"('A', 'A-', 'B', 'B-', 'B--', 'C', 'C#', 'C-', 'D', 'D#', 'D-', 'E', 'E-', 'F', 'F#', 'F-', 'G', 'G#', 'G-', 'a', 'a#', 'a-', 'b', 'b#', 'b-', 'c', 'c#', 'd', 'd#', 'd-', 'e', 'e#', 'e-', 'f', 'f#', 'g', 'g#', 'g-')",dataset,100,0,10,False,0.9,0.999,0.0,1e-07,"{'class_name': 'PiecewiseConstantDecay', 'config': {'boundaries': [4360], 'values': [0.001, 0.001], 'name': None}}",Adam,None,True,None,False,None,1,0.0,None,1,0.7701238393783569,0.7203148007392883,0.8226882815361023,0.5869212746620178,0.8420922756195068,0.4645906984806061,0.8932071924209595,0.33679115772247314,0.8208259344100952,0.6429994702339172,0.7201558947563171,0.9336301684379578,0.8000925183296204,0.639440655708313,0.8016399145126343,0.6545752882957458,0.8770207762718201,0.39751899242401123,5.3767828941345215,0.663,0.731,0.772,0.761,0.713,0.565,0.707,0.698,0.784,0.399,0.6815057992935181,1.0822442770004272,0.7490877509117126,0.9267492294311523,0.7991617321968079,0.6077640652656555,0.7723403573036194,0.9593306183815002,0.7287536859512329,1.1464123725891113,0.6044378876686096,1.3659192323684692,0.7278661131858826,0.9844127297401428,0.7162937521934509,1.044123649597168,0.7955529093742371,0.8126629590988159,8.929618835449219,0.7305555542310079,8.929619133472443,2
2022-08-08 15:17:02,23.8min,88fe9a2d0e0b4f709ff975f0e43686a2,input_no_chroma,LOCAL,/usr/local/lib/python3.7/dist-packages/ipykernel_launcher.py,root,FINISHED,16,None,"['abc', 'bps', 'mps', 'tavern', 'wir', 'wirwtc']","['Bass19', 'MeasureNoteOnset14']",True,dataset-input_no_chroma,"['Alto35', 'Bass35', 'HarmonicRhythm7', 'LocalKey38', 'PitchClassSet121', 'RomanNumeral31', 'Soprano35', 'Tenor35', 'TonicizedKey38']",False,640,False,"['abc', 'bps', 'mps', 'tavern', 'wir', 'wirwtc']",False,False,"('A', 'A-', 'B', 'B-', 'B--', 'C', 'C#', 'C-', 'D', 'D#', 'D-', 'E', 'E-', 'F', 'F#', 'F-', 'G', 'G#', 'G-', 'a', 'a#', 'a-', 'b', 'b#', 'b-', 'c', 'c#', 'd', 'd#', 'd-', 'e', 'e#', 'e-', 'f', 'f#', 'g', 'g#', 'g-')",dataset,100,0,10,False,0.9,0.999,0.0,1e-07,"{'class_name': 'PiecewiseConstantDecay', 'config': {'boundaries': [4360], 'values': [0.001, 0.001], 'name': None}}",Adam,None,True,None,False,None,1,0.0,None,1,0.6626405715942383,1.0430349111557007,0.787512481212616,0.7153290510177612,0.7915005683898926,0.5559780597686768,0.8863343596458435,0.36655333638191223,0.6406748294830322,1.2187148332595825,0.550529420375824,1.4217605590820312,0.6503968238830566,1.040730595588684,0.7052454352378845,0.9518448114395142,0.8306742906570435,0.5660035610198975,7.879949569702148,0.558,0.722,0.729,0.712,0.492,0.403,0.547,0.594,0.688,0.269,0.5915988683700562,1.3417723178863525,0.7424494624137878,0.9528470635414124,0.7504684329032898,0.6628395318984985,0.7213850021362305,1.1715401411056519,0.5364028811454773,1.7255570888519287,0.44817861914634705,1.77867591381073,0.5827909111976624,1.3120135068893433,0.617961049079895,1.3195821046829224,0.6989090442657471,1.1136484146118164,11.378478050231934,0.6322382522953881,11.378476083278656,2
2022-08-08 14:52:41,24.3min,21fc01f25b5e490bac03dbad249daa10,input_no_bottom,LOCAL,/usr/local/lib/python3.7/dist-packages/ipykernel_launcher.py,root,FINISHED,16,None,"['abc', 'bps', 'mps', 'tavern', 'wir', 'wirwtc']","['Chromagram19', 'MeasureNoteOnset14']",True,dataset-input_no_bottom,"['Alto35', 'Bass35', 'HarmonicRhythm7', 'LocalKey38', 'PitchClassSet121', 'RomanNumeral31', 'Soprano35', 'Tenor35', 'TonicizedKey38']",False,640,False,"['abc', 'bps', 'mps', 'tavern', 'wir', 'wirwtc']",False,False,"('A', 'A-', 'B', 'B-', 'B--', 'C', 'C#', 'C-', 'D', 'D#', 'D-', 'E', 'E-', 'F', 'F#', 'F-', 'G', 'G#', 'G-', 'a', 'a#', 'a-', 'b', 'b#', 'b-', 'c', 'c#', 'd', 'd#', 'd-', 'e', 'e#', 'e-', 'f', 'f#', 'g', 'g#', 'g-')",dataset,100,0,10,False,0.9,0.999,0.0,1e-07,"{'class_name': 'PiecewiseConstantDecay', 'config': {'boundaries': [4360], 'values': [0.001, 0.001], 'name': None}}",Adam,None,True,None,False,None,1,0.0,None,1,0.6644353270530701,0.9747855067253113,0.6954504251480103,0.8810749650001526,0.8467335104942322,0.4516899585723877,0.8914845585823059,0.3394695222377777,0.8202288746833801,0.6472640037536621,0.7207067012786865,0.9365836977958679,0.757545530796051,0.7413581609725952,0.6820605993270874,0.9409919381141663,0.8774407505989075,0.3998408019542694,6.313058376312256,0.538,0.568,0.782,0.782,0.716,0.569,0.663,0.543,0.79,0.304,0.5588233470916748,1.3811392784118652,0.588168740272522,1.2730960845947266,0.8064318299293518,0.5790057182312012,0.7742850184440613,0.921989917755127,0.7334103584289551,1.1277875900268555,0.603205144405365,1.3882287740707397,0.6828895211219788,1.0915107727050781,0.5622904300689697,1.3894861936569214,0.7935835719108582,0.7946383953094482,9.946882247924805,0.6781208846304152,9.946882724761963,2
2022-08-08 14:28:21,24.3min,397e475c3ab943f4a4ddf957a7be8477,input_no_onset,LOCAL,/usr/local/lib/python3.7/dist-packages/ipykernel_launcher.py,root,FINISHED,16,None,"['abc', 'bps', 'mps', 'tavern', 'wir', 'wirwtc']","['Bass19', 'Chromagram19']",True,dataset-input_no_onset,"['Alto35', 'Bass35', 'HarmonicRhythm7', 'LocalKey38', 'PitchClassSet121', 'RomanNumeral31', 'Soprano35', 'Tenor35', 'TonicizedKey38']",False,640,False,"['abc', 'bps', 'mps', 'tavern', 'wir', 'wirwtc']",False,False,"('A', 'A-', 'B', 'B-', 'B--', 'C', 'C#', 'C-', 'D', 'D#', 'D-', 'E', 'E-', 'F', 'F#', 'F-', 'G', 'G#', 'G-', 'a', 'a#', 'a-', 'b', 'b#', 'b-', 'c', 'c#', 'd', 'd#', 'd-', 'e', 'e#', 'e-', 'f', 'f#', 'g', 'g#', 'g-')",dataset,100,0,10,False,0.9,0.999,0.0,1e-07,"{'class_name': 'PiecewiseConstantDecay', 'config': {'boundaries': [4360], 'values': [0.001, 0.001], 'name': None}}",Adam,None,True,None,False,None,1,0.0,None,1,0.7491893768310547,0.7843899726867676,0.8004084229469299,0.6589175462722778,0.637596070766449,0.9931947588920593,0.8807961940765381,0.3727976381778717,0.7993744611740112,0.7219561338424683,0.7081897854804993,0.9801334142684937,0.7817064523696899,0.6991981267929077,0.7774282693862915,0.7284578680992126,0.8713775873184204,0.4217548072338104,6.360800266265869,0.652,0.718,0.571,0.775,0.702,0.573,0.705,0.687,0.792,0.399,0.6732001900672913,1.112452745437622,0.7347201704978943,0.9628730416297913,0.6158962249755859,1.0706247091293335,0.7872380614280701,0.8821477890014648,0.7199735045433044,1.1593166589736938,0.6038492321968079,1.3555066585540771,0.7204850912094116,0.9997981786727905,0.7033098936080933,1.0818084478378296,0.7986593842506409,0.7984787225723267,9.423007011413574,0.7063701947530111,9.42300695180893,2
2022-08-08 14:03:11,25.2min,5610b9edf2f040e0a04243b2339da91f,input_35_one-hot_spelling,LOCAL,/usr/local/lib/python3.7/dist-packages/ipykernel_launcher.py,root,FINISHED,16,None,"['abc', 'bps', 'mps', 'tavern', 'wir', 'wirwtc']","['Bass35', 'Chromagram35', 'MeasureNoteOnset14']",True,dataset-input_35_one-hot_spelling,"['Alto35', 'Bass35', 'HarmonicRhythm7', 'LocalKey38', 'PitchClassSet121', 'RomanNumeral31', 'Soprano35', 'Tenor35', 'TonicizedKey38']",False,640,False,"['abc', 'bps', 'mps', 'tavern', 'wir', 'wirwtc']",False,False,"('A', 'A-', 'B', 'B-', 'B--', 'C', 'C#', 'C-', 'D', 'D#', 'D-', 'E', 'E-', 'F', 'F#', 'F-', 'G', 'G#', 'G-', 'a', 'a#', 'a-', 'b', 'b#', 'b-', 'c', 'c#', 'd', 'd#', 'd-', 'e', 'e#', 'e-', 'f', 'f#', 'g', 'g#', 'g-')",dataset,100,0,10,False,0.9,0.999,0.0,1e-07,"{'class_name': 'PiecewiseConstantDecay', 'config': {'boundaries': [4360], 'values': [0.001, 0.001], 'name': None}}",Adam,None,True,None,False,None,1,0.0,None,1,0.7793413400650024,0.6903681755065918,0.8279817700386047,0.5651636719703674,0.8552596569061279,0.4245096743106842,0.9004814028739929,0.303072988986969,0.8262484073638916,0.6176354885101318,0.7323933839797974,0.8931455612182617,0.806149423122406,0.6143141388893127,0.8090164065361023,0.6264569759368896,0.8820428252220154,0.3782195448875427,5.112886428833008,0.667,0.735,0.791,0.773,0.714,0.575,0.711,0.698,0.785,0.406,0.6922984719276428,1.1207469701766968,0.7522435784339905,0.9633014798164368,0.8059479594230652,0.5756644010543823,0.7873613238334656,0.9123328924179077,0.732414960861206,1.1855053901672363,0.6006594896316528,1.4088456630706787,0.7338387370109558,0.9958591461181641,0.7215914726257324,1.0708508491516113,0.8002804517745972,0.801840603351593,9.034947395324707,0.7362929383913676,9.034947395324707,2
2022-08-08 13:37:19,25.9min,393f4a204d794b4c9e5a31e4adcb0fb5,baseline,LOCAL,/usr/local/lib/python3.7/dist-packages/ipykernel_launcher.py,root,FINISHED,16,None,"['abc', 'bps', 'mps', 'tavern', 'wir', 'wirwtc']","['Bass19', 'Chromagram19', 'MeasureNoteOnset14']",True,dataset-baseline,"['Alto35', 'Bass35', 'HarmonicRhythm7', 'LocalKey38', 'PitchClassSet121', 'RomanNumeral31', 'Soprano35', 'Tenor35', 'TonicizedKey38']",False,640,False,"['abc', 'bps', 'mps', 'tavern', 'wir', 'wirwtc']",False,False,"('A', 'A-', 'B', 'B-', 'B--', 'C', 'C#', 'C-', 'D', 'D#', 'D-', 'E', 'E-', 'F', 'F#', 'F-', 'G', 'G#', 'G-', 'a', 'a#', 'a-', 'b', 'b#', 'b-', 'c', 'c#', 'd', 'd#', 'd-', 'e', 'e#', 'e-', 'f', 'f#', 'g', 'g#', 'g-')",dataset,100,0,10,False,0.9,0.999,0.0,1e-07,"{'class_name': 'PiecewiseConstantDecay', 'config': {'boundaries': [4360], 'values': [0.001, 0.001], 'name': None}}",Adam,None,True,None,False,None,1,0.0,None,1,0.7798103094100952,0.6897720098495483,0.8304322957992554,0.5643099546432495,0.8499287962913513,0.43639862537384033,0.9028927683830261,0.29802921414375305,0.827010989189148,0.6176155805587769,0.730047881603241,0.9034173488616943,0.8081417083740234,0.6146244406700134,0.8103644847869873,0.6248924732208252,0.8852719068527222,0.36727234721183777,5.116332054138184,0.666,0.733,0.783,0.763,0.711,0.571,0.713,0.696,0.787,0.399,0.6888159513473511,1.1111805438995361,0.7526134252548218,0.951993465423584,0.8082686066627502,0.5746685266494751,0.7868866920471191,0.9010244607925415,0.7337709665298462,1.1561479568481445,0.601060152053833,1.3646513223648071,0.7348095178604126,0.9788803458213806,0.7187068462371826,1.0664331912994385,0.797648549079895,0.8278769254684448,8.932857513427734,0.7358423007859124,8.932856738567352,2
2022-08-08 13:14:39,17.7min,480ec4ec41e24fba877be1281f38a2a9,gru_unidirectional,LOCAL,/usr/local/lib/python3.7/dist-packages/ipykernel_launcher.py,root,FINISHED,16,None,"['abc', 'bps', 'mps', 'tavern', 'wir', 'wirwtc']","['Bass19', 'Chromagram19', 'MeasureNoteOnset14']",True,dataset-baseline,"['Alto35', 'Bass35', 'HarmonicRhythm7', 'LocalKey38', 'PitchClassSet121', 'RomanNumeral31', 'Soprano35', 'Tenor35', 'TonicizedKey38']",False,640,False,"['abc', 'bps', 'mps', 'tavern', 'wir', 'wirwtc']",False,False,"('A', 'A-', 'B', 'B-', 'B--', 'C', 'C#', 'C-', 'D', 'D#', 'D-', 'E', 'E-', 'F', 'F#', 'F-', 'G', 'G#', 'G-', 'a', 'a#', 'a-', 'b', 'b#', 'b-', 'c', 'c#', 'd', 'd#', 'd-', 'e', 'e#', 'e-', 'f', 'f#', 'g', 'g#', 'g-')",dataset,100,0,10,False,0.9,0.999,0.0,1e-07,"{'class_name': 'PiecewiseConstantDecay', 'config': {'boundaries': [4560], 'values': [0.001, 0.001], 'name': None}}",Adam,None,True,None,False,None,1,0.0,None,1,0.731497585773468,0.8608794212341309,0.7887431979179382,0.720518946647644,0.8209187388420105,0.5356556177139282,0.8130003213882446,0.5980861186981201,0.7709938287734985,0.8537944555282593,0.6476110219955444,1.1896674633026123,0.7584417462348938,0.7890115976333618,0.7587721943855286,0.8093196749687195,0.8191470503807068,0.5904419422149658,6.947372913360596,0.671,0.742,0.794,0.736,0.71,0.571,0.701,0.704,0.759,0.395,0.6942660212516785,1.0546314716339111,0.758054256439209,0.9140360951423645,0.8008696436882019,0.5661173462867737,0.7384815216064453,0.9310813546180725,0.7304164171218872,1.1641042232513428,0.6054380536079407,1.4149346351623535,0.7266923785209656,0.9733492732048035,0.7268836498260498,1.0078736543655396,0.7697098851203918,0.8145784139633179,8.840706825256348,0.7278679807980856,8.840706467628479,1
2022-08-08 13:05:32,9.1min,1993d843fef14f3da2e771d5e7527fa1,gru_nogru,LOCAL,/usr/local/lib/python3.7/dist-packages/ipykernel_launcher.py,root,FINISHED,16,None,"['abc', 'bps', 'mps', 'tavern', 'wir', 'wirwtc']","['Bass19', 'Chromagram19', 'MeasureNoteOnset14']",True,dataset-baseline,"['Alto35', 'Bass35', 'HarmonicRhythm7', 'LocalKey38', 'PitchClassSet121', 'RomanNumeral31', 'Soprano35', 'Tenor35', 'TonicizedKey38']",False,640,False,"['abc', 'bps', 'mps', 'tavern', 'wir', 'wirwtc']",False,False,"('A', 'A-', 'B', 'B-', 'B--', 'C', 'C#', 'C-', 'D', 'D#', 'D-', 'E', 'E-', 'F', 'F#', 'F-', 'G', 'G#', 'G-', 'a', 'a#', 'a-', 'b', 'b#', 'b-', 'c', 'c#', 'd', 'd#', 'd-', 'e', 'e#', 'e-', 'f', 'f#', 'g', 'g#', 'g-')",dataset,100,0,10,False,0.9,0.999,0.0,1e-07,"{'class_name': 'PiecewiseConstantDecay', 'config': {'boundaries': [4560], 'values': [0.001, 0.001], 'name': None}}",Adam,None,True,None,False,None,1,0.0,None,1,0.6625486612319946,1.0746262073516846,0.7253133654594421,0.9316666126251221,0.7519432902336121,0.6143258810043335,0.6368647813796997,1.209974765777588,0.7098019123077393,1.0923959016799927,0.5463362336158752,1.4700771570205688,0.7051776051521301,0.9713925123214722,0.6849974393844604,1.045781135559082,0.7025034427642822,0.9691815376281738,9.379419326782227,0.634,0.704,0.739,0.623,0.677,0.512,0.675,0.661,0.691,0.316,0.6611720323562622,1.0937501192092896,0.7245994806289673,0.9660430550575256,0.7535616159439087,0.595433235168457,0.6492205262184143,1.193203091621399,0.7009598612785339,1.1969079971313477,0.5461063981056213,1.509781837463379,0.6959367990493774,1.0227478742599487,0.6876118779182434,1.0628986358642578,0.7090177536010742,0.9689428210258484,9.609708786010742,0.6809095939000448,9.609708666801453,1
2022-08-08 12:41:28,24.1min,1ed6fce7e9cf4762a5d3f38084a8b7af,dense_lineardense,LOCAL,/usr/local/lib/python3.7/dist-packages/ipykernel_launcher.py,root,FINISHED,16,None,"['abc', 'bps', 'mps', 'tavern', 'wir', 'wirwtc']","['Bass19', 'Chromagram19', 'MeasureNoteOnset14']",True,dataset-baseline,"['Alto35', 'Bass35', 'HarmonicRhythm7', 'LocalKey38', 'PitchClassSet121', 'RomanNumeral31', 'Soprano35', 'Tenor35', 'TonicizedKey38']",False,640,False,"['abc', 'bps', 'mps', 'tavern', 'wir', 'wirwtc']",False,False,"('A', 'A-', 'B', 'B-', 'B--', 'C', 'C#', 'C-', 'D', 'D#', 'D-', 'E', 'E-', 'F', 'F#', 'F-', 'G', 'G#', 'G-', 'a', 'a#', 'a-', 'b', 'b#', 'b-', 'c', 'c#', 'd', 'd#', 'd-', 'e', 'e#', 'e-', 'f', 'f#', 'g', 'g#', 'g-')",dataset,100,0,10,False,0.9,0.999,0.0,1e-07,"{'class_name': 'PiecewiseConstantDecay', 'config': {'boundaries': [4560], 'values': [0.001, 0.001], 'name': None}}",Adam,None,True,None,False,None,1,0.0,None,1,0.7711227536201477,0.7153971791267395,0.8234170079231262,0.5815001726150513,0.8417289853096008,0.4572075307369232,0.8931856155395508,0.33140841126441956,0.8254755735397339,0.6192653179168701,0.7232410907745361,0.9219293594360352,0.8058034777641296,0.6231333017349243,0.8020269870758057,0.6540870666503906,0.88150954246521,0.3799606263637543,5.2838897705078125,0.691,0.755,0.815,0.795,0.74,0.631,0.73,0.728,0.811,0.449,0.709024965763092,1.0042150020599365,0.7711352705955505,0.8799169659614563,0.8321557641029358,0.48756253719329834,0.8041209578514099,0.6943050622940063,0.7555679678916931,1.0610442161560059,0.6586424708366394,1.2563378810882568,0.7473874092102051,0.9162903428077698,0.7430788278579712,0.9538894295692444,0.8163358569145203,0.6676859259605408,7.921247959136963,0.7597166101137797,7.921247363090515,1
2022-08-08 12:21:42,19.8min,5c49ecfcfb5945859551167a6295753a,conv_noconv,LOCAL,/usr/local/lib/python3.7/dist-packages/ipykernel_launcher.py,root,FINISHED,16,None,"['abc', 'bps', 'mps', 'tavern', 'wir', 'wirwtc']","['Bass19', 'Chromagram19', 'MeasureNoteOnset14']",True,dataset-baseline,"['Alto35', 'Bass35', 'HarmonicRhythm7', 'LocalKey38', 'PitchClassSet121', 'RomanNumeral31', 'Soprano35', 'Tenor35', 'TonicizedKey38']",False,640,False,"['abc', 'bps', 'mps', 'tavern', 'wir', 'wirwtc']",False,False,"('A', 'A-', 'B', 'B-', 'B--', 'C', 'C#', 'C-', 'D', 'D#', 'D-', 'E', 'E-', 'F', 'F#', 'F-', 'G', 'G#', 'G-', 'a', 'a#', 'a-', 'b', 'b#', 'b-', 'c', 'c#', 'd', 'd#', 'd-', 'e', 'e#', 'e-', 'f', 'f#', 'g', 'g#', 'g-')",dataset,100,0,10,False,0.9,0.999,0.0,1e-07,"{'class_name': 'PiecewiseConstantDecay', 'config': {'boundaries': [4560], 'values': [0.001, 0.001], 'name': None}}",Adam,None,True,None,False,None,1,0.0,None,1,0.7435843348503113,0.8043354153633118,0.7975879311561584,0.6625192165374756,0.8281745314598083,0.5057744383811951,0.8762030601501465,0.3880784213542938,0.8022609353065491,0.7063798904418945,0.6899615526199341,1.0283955335617065,0.7811449766159058,0.7002971768379211,0.7752057909965515,0.7382293939590454,0.8652467727661133,0.4372076392173767,5.971215724945068,0.686,0.749,0.812,0.805,0.736,0.618,0.724,0.723,0.818,0.447,0.7102013826370239,0.9810684323310852,0.7685226798057556,0.865746259689331,0.8165343403816223,0.5248666405677795,0.8151161670684814,0.6641578674316406,0.7541787028312683,1.0471335649490356,0.6472683548927307,1.2494447231292725,0.7432628273963928,0.9211875200271606,0.7441505193710327,0.9390990138053894,0.8291101455688477,0.6290311813354492,7.8217363357543945,0.7587050133281283,7.821735203266144,1
2022-08-08 11:56:55,24.8min,03e24d01b6064d148ecb8f8eda91daca,conv_constant_filters,LOCAL,/usr/local/lib/python3.7/dist-packages/ipykernel_launcher.py,root,FINISHED,16,None,"['abc', 'bps', 'mps', 'tavern', 'wir', 'wirwtc']","['Bass19', 'Chromagram19', 'MeasureNoteOnset14']",True,dataset-baseline,"['Alto35', 'Bass35', 'HarmonicRhythm7', 'LocalKey38', 'PitchClassSet121', 'RomanNumeral31', 'Soprano35', 'Tenor35', 'TonicizedKey38']",False,640,False,"['abc', 'bps', 'mps', 'tavern', 'wir', 'wirwtc']",False,False,"('A', 'A-', 'B', 'B-', 'B--', 'C', 'C#', 'C-', 'D', 'D#', 'D-', 'E', 'E-', 'F', 'F#', 'F-', 'G', 'G#', 'G-', 'a', 'a#', 'a-', 'b', 'b#', 'b-', 'c', 'c#', 'd', 'd#', 'd-', 'e', 'e#', 'e-', 'f', 'f#', 'g', 'g#', 'g-')",dataset,100,0,10,False,0.9,0.999,0.0,1e-07,"{'class_name': 'PiecewiseConstantDecay', 'config': {'boundaries': [4560], 'values': [0.001, 0.001], 'name': None}}",Adam,None,True,None,False,None,1,0.0,None,1,0.774167537689209,0.706381618976593,0.8292307257652283,0.5630397200584412,0.8421883583068848,0.4657810926437378,0.8971046805381775,0.32049858570098877,0.8233572244644165,0.6249502897262573,0.714706301689148,0.9447456002235413,0.8012474179267883,0.630148708820343,0.8074402213096619,0.6303699016571045,0.8772720098495483,0.39685702323913574,5.282772064208984,0.687,0.75,0.802,0.79,0.729,0.604,0.718,0.724,0.802,0.437,0.702980637550354,1.0522733926773071,0.7625793814659119,0.9228990077972412,0.8221275806427002,0.5291191935539246,0.8014795184135437,0.7343271970748901,0.7398383617401123,1.152042269706726,0.6368793249130249,1.3670284748077393,0.7327908277511597,0.9615020155906677,0.7365185022354126,1.0115214586257935,0.8142212629318237,0.6990996599197388,8.42981243133545,0.7499350441826714,8.429812669754028,1
2022-08-08 11:35:56,21.0min,26ed7094185d487ea485a2083f541211,conv_single_block,LOCAL,/usr/local/lib/python3.7/dist-packages/ipykernel_launcher.py,root,FINISHED,16,None,"['abc', 'bps', 'mps', 'tavern', 'wir', 'wirwtc']","['Bass19', 'Chromagram19', 'MeasureNoteOnset14']",True,dataset-baseline,"['Alto35', 'Bass35', 'HarmonicRhythm7', 'LocalKey38', 'PitchClassSet121', 'RomanNumeral31', 'Soprano35', 'Tenor35', 'TonicizedKey38']",False,640,False,"['abc', 'bps', 'mps', 'tavern', 'wir', 'wirwtc']",False,False,"('A', 'A-', 'B', 'B-', 'B--', 'C', 'C#', 'C-', 'D', 'D#', 'D-', 'E', 'E-', 'F', 'F#', 'F-', 'G', 'G#', 'G-', 'a', 'a#', 'a-', 'b', 'b#', 'b-', 'c', 'c#', 'd', 'd#', 'd-', 'e', 'e#', 'e-', 'f', 'f#', 'g', 'g#', 'g-')",dataset,100,0,10,False,0.9,0.999,0.0,1e-07,"{'class_name': 'PiecewiseConstantDecay', 'config': {'boundaries': [4560], 'values': [0.001, 0.001], 'name': None}}",Adam,None,True,None,False,None,1,0.0,None,1,0.7677638530731201,0.7278931736946106,0.8213405013084412,0.5924140214920044,0.8329072594642639,0.4979742467403412,0.8944979310035706,0.33366379141807556,0.8204593658447266,0.6410825848579407,0.7164156436920166,0.9502723813056946,0.8017870783805847,0.6354387998580933,0.7992665767669678,0.6607314944267273,0.879193127155304,0.3939799666404724,5.4334516525268555,0.69,0.748,0.807,0.796,0.735,0.626,0.727,0.722,0.808,0.454,0.7097538709640503,1.003389596939087,0.7637161016464233,0.8901553750038147,0.8223152160644531,0.5253303050994873,0.8048173785209656,0.7426502108573914,0.7489463090896606,1.0883821249008179,0.6507073044776917,1.2745918035507202,0.7430788278579712,0.9273549318313599,0.7386547327041626,0.9612829685211182,0.8150728940963745,0.6829481720924377,8.096085548400879,0.7552291817135282,8.096085488796234,1
2022-08-08 11:09:54,26.0min,c1f88f2c7bda4231ac5a29f23787e000,input_no_chroma,LOCAL,/usr/local/lib/python3.7/dist-packages/ipykernel_launcher.py,root,FINISHED,16,None,"['abc', 'bps', 'mps', 'tavern', 'wir', 'wirwtc']","['Bass19', 'MeasureNoteOnset14']",True,dataset-input_no_chroma,"['Alto35', 'Bass35', 'HarmonicRhythm7', 'LocalKey38', 'PitchClassSet121', 'RomanNumeral31', 'Soprano35', 'Tenor35', 'TonicizedKey38']",False,640,False,"['abc', 'bps', 'mps', 'tavern', 'wir', 'wirwtc']",False,False,"('A', 'A-', 'B', 'B-', 'B--', 'C', 'C#', 'C-', 'D', 'D#', 'D-', 'E', 'E-', 'F', 'F#', 'F-', 'G', 'G#', 'G-', 'a', 'a#', 'a-', 'b', 'b#', 'b-', 'c', 'c#', 'd', 'd#', 'd-', 'e', 'e#', 'e-', 'f', 'f#', 'g', 'g#', 'g-')",dataset,100,0,10,False,0.9,0.999,0.0,1e-07,"{'class_name': 'PiecewiseConstantDecay', 'config': {'boundaries': [4560], 'values': [0.001, 0.001], 'name': None}}",Adam,None,True,None,False,None,1,0.0,None,1,0.6588832139968872,1.053354024887085,0.7865915298461914,0.7147278189659119,0.7858802676200867,0.5852253437042236,0.8716769218444824,0.406259149312973,0.6383965015411377,1.2198642492294312,0.5514216423034668,1.418015956878662,0.6518144011497498,1.0346651077270508,0.7024632692337036,0.9635423421859741,0.8270227313041687,0.5745362639427185,7.97019100189209,0.583,0.738,0.758,0.741,0.52,0.448,0.567,0.628,0.71,0.3,0.6117061376571655,1.2805832624435425,0.7573903203010559,0.906650960445404,0.7837904095649719,0.5910355448722839,0.7532910108566284,0.9350103735923767,0.5526595115661621,1.675344467163086,0.48653289675712585,1.6946269273757935,0.5965754985809326,1.290745735168457,0.6523058414459229,1.2159925699234009,0.727533221244812,0.9661049842834473,10.556096076965332,0.6579760942194197,10.556094825267792,1
2022-08-08 10:42:17,27.6min,4c5a99b6dfa8408abfae9d55a3caabbb,input_no_bottom,LOCAL,/usr/local/lib/python3.7/dist-packages/ipykernel_launcher.py,root,FINISHED,16,None,"['abc', 'bps', 'mps', 'tavern', 'wir', 'wirwtc']","['Chromagram19', 'MeasureNoteOnset14']",True,dataset-input_no_bottom,"['Alto35', 'Bass35', 'HarmonicRhythm7', 'LocalKey38', 'PitchClassSet121', 'RomanNumeral31', 'Soprano35', 'Tenor35', 'TonicizedKey38']",False,640,False,"['abc', 'bps', 'mps', 'tavern', 'wir', 'wirwtc']",False,False,"('A', 'A-', 'B', 'B-', 'B--', 'C', 'C#', 'C-', 'D', 'D#', 'D-', 'E', 'E-', 'F', 'F#', 'F-', 'G', 'G#', 'G-', 'a', 'a#', 'a-', 'b', 'b#', 'b-', 'c', 'c#', 'd', 'd#', 'd-', 'e', 'e#', 'e-', 'f', 'f#', 'g', 'g#', 'g-')",dataset,100,0,10,False,0.9,0.999,0.0,1e-07,"{'class_name': 'PiecewiseConstantDecay', 'config': {'boundaries': [4560], 'values': [0.001, 0.001], 'name': None}}",Adam,None,True,None,False,None,1,0.0,None,1,0.6538345217704773,0.9890216588973999,0.6878833770751953,0.8879860639572144,0.8298958539962769,0.4938001036643982,0.8984178900718689,0.3161282241344452,0.8192742466926575,0.6397432088851929,0.7193450927734375,0.9384042024612427,0.7551818490028381,0.742331326007843,0.6696029901504517,0.9615877270698547,0.8814745545387268,0.38342228531837463,6.352423667907715,0.561,0.594,0.801,0.805,0.735,0.628,0.673,0.576,0.807,0.341,0.5933313965797424,1.2537153959274292,0.6255918145179749,1.181440830230713,0.8184468746185303,0.5214459896087646,0.8149826526641846,0.68731689453125,0.755091667175293,1.0682461261749268,0.657166600227356,1.2702275514602661,0.6915848851203918,1.026289939880371,0.606877863407135,1.2474939823150635,0.8189701437950134,0.6506271362304688,8.906804084777832,0.7091159886784024,8.906803846359253,1
2022-08-08 10:16:07,26.2min,690388c22f614fddbba4fead13ae78e5,input_no_onset,LOCAL,/usr/local/lib/python3.7/dist-packages/ipykernel_launcher.py,root,FINISHED,16,None,"['abc', 'bps', 'mps', 'tavern', 'wir', 'wirwtc']","['Bass19', 'Chromagram19']",True,dataset-input_no_onset,"['Alto35', 'Bass35', 'HarmonicRhythm7', 'LocalKey38', 'PitchClassSet121', 'RomanNumeral31', 'Soprano35', 'Tenor35', 'TonicizedKey38']",False,640,False,"['abc', 'bps', 'mps', 'tavern', 'wir', 'wirwtc']",False,False,"('A', 'A-', 'B', 'B-', 'B--', 'C', 'C#', 'C-', 'D', 'D#', 'D-', 'E', 'E-', 'F', 'F#', 'F-', 'G', 'G#', 'G-', 'a', 'a#', 'a-', 'b', 'b#', 'b-', 'c', 'c#', 'd', 'd#', 'd-', 'e', 'e#', 'e-', 'f', 'f#', 'g', 'g#', 'g-')",dataset,100,0,10,False,0.9,0.999,0.0,1e-07,"{'class_name': 'PiecewiseConstantDecay', 'config': {'boundaries': [4560], 'values': [0.001, 0.001], 'name': None}}",Adam,None,True,None,False,None,1,0.0,None,1,0.7552698254585266,0.7610303163528442,0.8025930523872375,0.64747554063797,0.6467623114585876,0.9854879975318909,0.9017819166183472,0.3044503629207611,0.805873453617096,0.6866916418075562,0.7130020260810852,0.9612493515014648,0.7901366353034973,0.6690037846565247,0.7824718356132507,0.710719883441925,0.8837577104568481,0.37817075848579407,6.104280471801758,0.676,0.727,0.587,0.815,0.72,0.619,0.715,0.707,0.815,0.442,0.6996391415596008,1.0245692729949951,0.7492638826370239,0.9225685596466064,0.6239210367202759,1.0282423496246338,0.8274357914924622,0.637712836265564,0.7429885864257812,1.0612460374832153,0.6449407935142517,1.2730257511138916,0.7373844981193542,0.9308863282203674,0.7274682521820068,0.9832533001899719,0.8267248868942261,0.6384908556938171,8.499996185302734,0.7310852077272203,8.499995291233063,1
2022-08-08 09:48:50,27.3min,9ef6748fab3145cca27bd27076973bf7,input_35_one-hot_spelling,LOCAL,/usr/local/lib/python3.7/dist-packages/ipykernel_launcher.py,root,FINISHED,16,None,"['abc', 'bps', 'mps', 'tavern', 'wir', 'wirwtc']","['Bass35', 'Chromagram35', 'MeasureNoteOnset14']",True,dataset-input_35_one-hot_spelling,"['Alto35', 'Bass35', 'HarmonicRhythm7', 'LocalKey38', 'PitchClassSet121', 'RomanNumeral31', 'Soprano35', 'Tenor35', 'TonicizedKey38']",False,640,False,"['abc', 'bps', 'mps', 'tavern', 'wir', 'wirwtc']",False,False,"('A', 'A-', 'B', 'B-', 'B--', 'C', 'C#', 'C-', 'D', 'D#', 'D-', 'E', 'E-', 'F', 'F#', 'F-', 'G', 'G#', 'G-', 'a', 'a#', 'a-', 'b', 'b#', 'b-', 'c', 'c#', 'd', 'd#', 'd-', 'e', 'e#', 'e-', 'f', 'f#', 'g', 'g#', 'g-')",dataset,100,0,10,False,0.9,0.999,0.0,1e-07,"{'class_name': 'PiecewiseConstantDecay', 'config': {'boundaries': [4560], 'values': [0.001, 0.001], 'name': None}}",Adam,None,True,None,False,None,1,0.0,None,1,0.7751955389976501,0.7011881470680237,0.8272404074668884,0.5673791170120239,0.8452544212341309,0.46625176072120667,0.9072805643081665,0.29225096106529236,0.8243528008460999,0.6184950470924377,0.720084547996521,0.9278039336204529,0.8078005313873291,0.6131739616394043,0.806803286075592,0.6361110210418701,0.8838123083114624,0.3724747896194458,5.19512939453125,0.693,0.754,0.815,0.807,0.732,0.615,0.725,0.725,0.81,0.452,0.7171550393104553,1.0164934396743774,0.7721889615058899,0.8974875211715698,0.8270676732063293,0.5062995553016663,0.8140696883201599,0.7315713763237,0.7527966499328613,1.1071631908416748,0.6457671523094177,1.3140482902526855,0.7467198371887207,0.9407039880752563,0.7468641996383667,0.9803463816642761,0.8256062269210815,0.6603620052337646,8.154476165771484,0.760915047592587,8.154475748538971,1
2022-08-08 09:20:52,28.0min,faee182a40134d4380f8db7b9fff78f4,baseline,LOCAL,/usr/local/lib/python3.7/dist-packages/ipykernel_launcher.py,root,FINISHED,16,None,"['abc', 'bps', 'mps', 'tavern', 'wir', 'wirwtc']","['Bass19', 'Chromagram19', 'MeasureNoteOnset14']",True,dataset-baseline,"['Alto35', 'Bass35', 'HarmonicRhythm7', 'LocalKey38', 'PitchClassSet121', 'RomanNumeral31', 'Soprano35', 'Tenor35', 'TonicizedKey38']",False,640,False,"['abc', 'bps', 'mps', 'tavern', 'wir', 'wirwtc']",False,False,"('A', 'A-', 'B', 'B-', 'B--', 'C', 'C#', 'C-', 'D', 'D#', 'D-', 'E', 'E-', 'F', 'F#', 'F-', 'G', 'G#', 'G-', 'a', 'a#', 'a-', 'b', 'b#', 'b-', 'c', 'c#', 'd', 'd#', 'd-', 'e', 'e#', 'e-', 'f', 'f#', 'g', 'g#', 'g-')",dataset,100,0,10,False,0.9,0.999,0.0,1e-07,"{'class_name': 'PiecewiseConstantDecay', 'config': {'boundaries': [4560], 'values': [0.001, 0.001], 'name': None}}",Adam,None,True,None,False,None,1,0.0,None,1,0.7758418917655945,0.6994960308074951,0.8281933069229126,0.5654602646827698,0.8303338289260864,0.48980164527893066,0.901958703994751,0.3033292889595032,0.8271977305412292,0.6147837042808533,0.7234861850738525,0.9184543490409851,0.8065582513809204,0.6176708936691284,0.8067827820777893,0.6333117485046387,0.8844355940818787,0.37335363030433655,5.215660572052002,0.686,0.752,0.79,0.812,0.731,0.619,0.722,0.725,0.809,0.447,0.7105441689491272,1.0188030004501343,0.7725173234939575,0.8931946754455566,0.8126371502876282,0.5299149751663208,0.8164621591567993,0.686217188835144,0.7526558637619019,1.098748803138733,0.6507253050804138,1.285843014717102,0.7417905330657959,0.9558469653129578,0.7465863227844238,0.971829891204834,0.8206841945648193,0.6703935861587524,8.110791206359863,0.7582892245716519,8.110792100429535,1
2022-08-08 04:24:50,17.6min,a0a6201bf1d14aaf8a79e06e150a3c5d,gru_unidirectional,LOCAL,/usr/local/lib/python3.7/dist-packages/ipykernel_launcher.py,root,FINISHED,16,None,"['abc', 'bps', 'mps', 'tavern', 'wir', 'wirwtc']","['Bass19', 'Chromagram19', 'MeasureNoteOnset14']",True,dataset-baseline,"['Alto35', 'Bass35', 'HarmonicRhythm7', 'LocalKey38', 'PitchClassSet121', 'RomanNumeral31', 'Soprano35', 'Tenor35', 'TonicizedKey38']",False,640,False,"['abc', 'bps', 'mps', 'tavern', 'wir', 'wirwtc']",False,False,"('A', 'A-', 'B', 'B-', 'B--', 'C', 'C#', 'C-', 'D', 'D#', 'D-', 'E', 'E-', 'F', 'F#', 'F-', 'G', 'G#', 'G-', 'a', 'a#', 'a-', 'b', 'b#', 'b-', 'c', 'c#', 'd', 'd#', 'd-', 'e', 'e#', 'e-', 'f', 'f#', 'g', 'g#', 'g-')",dataset,100,0,10,False,0.9,0.999,0.0,1e-07,"{'class_name': 'PiecewiseConstantDecay', 'config': {'boundaries': [4680], 'values': [0.001, 0.001], 'name': None}}",Adam,None,True,None,False,None,1,0.0,None,1,0.7291439771652222,0.8711360096931458,0.7905585169792175,0.7263041138648987,0.8213788270950317,0.5296722650527954,0.830808699131012,0.5439229011535645,0.7708593606948853,0.8611631393432617,0.6484607458114624,1.1883158683776855,0.7574144005775452,0.7978631258010864,0.7613455653190613,0.8120176196098328,0.8241165280342102,0.5724865794181824,6.902881145477295,0.681,0.756,0.775,0.759,0.727,0.581,0.719,0.714,0.778,0.41,0.7136626839637756,0.9353277683258057,0.776901125907898,0.7794411778450012,0.795695960521698,0.6130020618438721,0.7804911732673645,0.8021035194396973,0.7480050325393677,0.9747945666313171,0.6215772032737732,1.3092389106750488,0.7431747913360596,0.8549918532371521,0.7424363493919373,0.8823379874229431,0.7921507954597473,0.7297678589820862,7.881005764007568,0.7460105684068468,7.881005704402924,0
2022-08-08 04:15:13,9.6min,2e8c8863634a4b3485df908ccc30a83d,gru_nogru,LOCAL,/usr/local/lib/python3.7/dist-packages/ipykernel_launcher.py,root,FINISHED,16,None,"['abc', 'bps', 'mps', 'tavern', 'wir', 'wirwtc']","['Bass19', 'Chromagram19', 'MeasureNoteOnset14']",True,dataset-baseline,"['Alto35', 'Bass35', 'HarmonicRhythm7', 'LocalKey38', 'PitchClassSet121', 'RomanNumeral31', 'Soprano35', 'Tenor35', 'TonicizedKey38']",False,640,False,"['abc', 'bps', 'mps', 'tavern', 'wir', 'wirwtc']",False,False,"('A', 'A-', 'B', 'B-', 'B--', 'C', 'C#', 'C-', 'D', 'D#', 'D-', 'E', 'E-', 'F', 'F#', 'F-', 'G', 'G#', 'G-', 'a', 'a#', 'a-', 'b', 'b#', 'b-', 'c', 'c#', 'd', 'd#', 'd-', 'e', 'e#', 'e-', 'f', 'f#', 'g', 'g#', 'g-')",dataset,100,0,10,False,0.9,0.999,0.0,1e-07,"{'class_name': 'PiecewiseConstantDecay', 'config': {'boundaries': [4680], 'values': [0.001, 0.001], 'name': None}}",Adam,None,True,None,False,None,1,0.0,None,1,0.6581059098243713,1.0929280519485474,0.720192015171051,0.9571641683578491,0.754196286201477,0.6066441535949707,0.6255319118499756,1.2338883876800537,0.7019897103309631,1.130030632019043,0.5418509244918823,1.4883049726486206,0.699691653251648,0.9947115182876587,0.6815109848976135,1.0656291246414185,0.692213237285614,0.9952677488327026,9.564568519592285,0.641,0.709,0.714,0.627,0.687,0.514,0.686,0.663,0.695,0.318,0.6760525703430176,1.0305510759353638,0.7369696497917175,0.8806447982788086,0.7417958378791809,0.6462753415107727,0.6634872555732727,1.1554585695266724,0.7172853946685791,1.0548220872879028,0.561080276966095,1.4693235158920288,0.7166815996170044,0.9271105527877808,0.6954634189605713,1.002126693725586,0.7246776819229126,0.9121150374412537,9.0784273147583,0.6926104095247057,9.07842767238617,0
2022-08-08 03:51:24,23.8min,75736a965a06401597f79b9db1884e5c,dense_lineardense,LOCAL,/usr/local/lib/python3.7/dist-packages/ipykernel_launcher.py,root,FINISHED,16,None,"['abc', 'bps', 'mps', 'tavern', 'wir', 'wirwtc']","['Bass19', 'Chromagram19', 'MeasureNoteOnset14']",True,dataset-baseline,"['Alto35', 'Bass35', 'HarmonicRhythm7', 'LocalKey38', 'PitchClassSet121', 'RomanNumeral31', 'Soprano35', 'Tenor35', 'TonicizedKey38']",False,640,False,"['abc', 'bps', 'mps', 'tavern', 'wir', 'wirwtc']",False,False,"('A', 'A-', 'B', 'B-', 'B--', 'C', 'C#', 'C-', 'D', 'D#', 'D-', 'E', 'E-', 'F', 'F#', 'F-', 'G', 'G#', 'G-', 'a', 'a#', 'a-', 'b', 'b#', 'b-', 'c', 'c#', 'd', 'd#', 'd-', 'e', 'e#', 'e-', 'f', 'f#', 'g', 'g#', 'g-')",dataset,100,0,10,False,0.9,0.999,0.0,1e-07,"{'class_name': 'PiecewiseConstantDecay', 'config': {'boundaries': [4680], 'values': [0.001, 0.001], 'name': None}}",Adam,None,True,None,False,None,1,0.0,None,1,0.7656041979789734,0.7356942892074585,0.8201445937156677,0.5989797115325928,0.8378249406814575,0.4656103551387787,0.9017270803451538,0.3033960163593292,0.818762481212616,0.6510787606239319,0.7176895141601562,0.9372366666793823,0.7986544370651245,0.6508500576019287,0.7988622188568115,0.6665709614753723,0.8818376064300537,0.38014525175094604,5.389563083648682,0.71,0.776,0.785,0.824,0.764,0.638,0.754,0.738,0.826,0.473,0.7384464740753174,0.8601205945014954,0.7976542115211487,0.7083096504211426,0.8055809140205383,0.5521666407585144,0.8410370349884033,0.5722724199295044,0.7867819666862488,0.8078537583351135,0.673372209072113,1.1486899852752686,0.7777252197265625,0.7452567219734192,0.763703465461731,0.8103588819503784,0.8425995707511902,0.5449408292770386,6.749968528747559,0.7807667851448059,6.749969482421875,0
2022-08-08 02:40:53,20.7min,72a108be90cd40c6b398f97410515fee,conv_noconv,LOCAL,/usr/local/lib/python3.7/dist-packages/ipykernel_launcher.py,root,FINISHED,16,None,"['abc', 'bps', 'mps', 'tavern', 'wir', 'wirwtc']","['Bass19', 'Chromagram19', 'MeasureNoteOnset14']",True,dataset-baseline,"['Alto35', 'Bass35', 'HarmonicRhythm7', 'LocalKey38', 'PitchClassSet121', 'RomanNumeral31', 'Soprano35', 'Tenor35', 'TonicizedKey38']",False,640,False,"['abc', 'bps', 'mps', 'tavern', 'wir', 'wirwtc']",False,False,"('A', 'A-', 'B', 'B-', 'B--', 'C', 'C#', 'C-', 'D', 'D#', 'D-', 'E', 'E-', 'F', 'F#', 'F-', 'G', 'G#', 'G-', 'a', 'a#', 'a-', 'b', 'b#', 'b-', 'c', 'c#', 'd', 'd#', 'd-', 'e', 'e#', 'e-', 'f', 'f#', 'g', 'g#', 'g-')",dataset,100,0,10,False,0.9,0.999,0.0,1e-07,"{'class_name': 'PiecewiseConstantDecay', 'config': {'boundaries': [4680], 'values': [0.001, 0.001], 'name': None}}",Adam,None,True,None,False,None,1,0.0,None,1,0.7357571721076965,0.8281531929969788,0.7930210828781128,0.6829831600189209,0.8132264018058777,0.5334293246269226,0.8691929578781128,0.41302236914634705,0.7951728701591492,0.7346081137657166,0.6818675398826599,1.0541704893112183,0.7724683880805969,0.7294356822967529,0.7690109610557556,0.7586434483528137,0.8633768558502197,0.44501638412475586,6.1794633865356445,0.7,0.763,0.765,0.83,0.75,0.632,0.737,0.732,0.83,0.457,0.7294019460678101,0.8675122857093811,0.7859945893287659,0.7183713316917419,0.7875938415527344,0.6137867569923401,0.8461773991584778,0.5543193817138672,0.7740086317062378,0.8446072936058044,0.6677586436271667,1.1481027603149414,0.7628834843635559,0.7715356945991516,0.757877767086029,0.8146217465400696,0.8462263345718384,0.5405939221382141,6.873452186584473,0.773102515273624,6.8734511733055115,0
2022-08-08 02:16:26,24.4min,b9798971496f49aeb2f791308a8904ee,conv_constant_filters,LOCAL,/usr/local/lib/python3.7/dist-packages/ipykernel_launcher.py,root,FINISHED,16,None,"['abc', 'bps', 'mps', 'tavern', 'wir', 'wirwtc']","['Bass19', 'Chromagram19', 'MeasureNoteOnset14']",True,dataset-baseline,"['Alto35', 'Bass35', 'HarmonicRhythm7', 'LocalKey38', 'PitchClassSet121', 'RomanNumeral31', 'Soprano35', 'Tenor35', 'TonicizedKey38']",False,640,False,"['abc', 'bps', 'mps', 'tavern', 'wir', 'wirwtc']",False,False,"('A', 'A-', 'B', 'B-', 'B--', 'C', 'C#', 'C-', 'D', 'D#', 'D-', 'E', 'E-', 'F', 'F#', 'F-', 'G', 'G#', 'G-', 'a', 'a#', 'a-', 'b', 'b#', 'b-', 'c', 'c#', 'd', 'd#', 'd-', 'e', 'e#', 'e-', 'f', 'f#', 'g', 'g#', 'g-')",dataset,100,0,10,False,0.9,0.999,0.0,1e-07,"{'class_name': 'PiecewiseConstantDecay', 'config': {'boundaries': [4680], 'values': [0.001, 0.001], 'name': None}}",Adam,None,True,None,False,None,1,0.0,None,1,0.7734408378601074,0.7107109427452087,0.8266156911849976,0.5735208988189697,0.8350390791893005,0.47983676195144653,0.8998537063598633,0.3101472854614258,0.8170503377914429,0.6450651288032532,0.7179047465324402,0.9434121251106262,0.8006781935691833,0.6358687877655029,0.804473876953125,0.6440117359161377,0.879309356212616,0.38897135853767395,5.331544876098633,0.707,0.773,0.774,0.828,0.759,0.632,0.745,0.742,0.826,0.469,0.7215567827224731,0.9159762859344482,0.7842321991920471,0.7509586215019226,0.7976664304733276,0.5908902287483215,0.8343994617462158,0.6181033253669739,0.7714588642120361,0.8730624318122864,0.6645969152450562,1.191074013710022,0.7635362148284912,0.7893900871276855,0.7542510032653809,0.8503185510635376,0.8352929353713989,0.5891117453575134,7.168885231018066,0.7696656452284919,7.168885290622711,0
2022-08-08 01:53:43,22.7min,4a9ee70a6ea5444d8d776969bba53c6d,conv_single_block,LOCAL,/usr/local/lib/python3.7/dist-packages/ipykernel_launcher.py,root,FINISHED,16,None,"['abc', 'bps', 'mps', 'tavern', 'wir', 'wirwtc']","['Bass19', 'Chromagram19', 'MeasureNoteOnset14']",True,dataset-baseline,"['Alto35', 'Bass35', 'HarmonicRhythm7', 'LocalKey38', 'PitchClassSet121', 'RomanNumeral31', 'Soprano35', 'Tenor35', 'TonicizedKey38']",False,640,False,"['abc', 'bps', 'mps', 'tavern', 'wir', 'wirwtc']",False,False,"('A', 'A-', 'B', 'B-', 'B--', 'C', 'C#', 'C-', 'D', 'D#', 'D-', 'E', 'E-', 'F', 'F#', 'F-', 'G', 'G#', 'G-', 'a', 'a#', 'a-', 'b', 'b#', 'b-', 'c', 'c#', 'd', 'd#', 'd-', 'e', 'e#', 'e-', 'f', 'f#', 'g', 'g#', 'g-')",dataset,100,0,10,False,0.9,0.999,0.0,1e-07,"{'class_name': 'PiecewiseConstantDecay', 'config': {'boundaries': [4680], 'values': [0.001, 0.001], 'name': None}}",Adam,None,True,None,False,None,1,0.0,None,1,0.7619597911834717,0.7396738529205322,0.8167985081672668,0.6054343581199646,0.8450631499290466,0.4622364640235901,0.8923695087432861,0.33457377552986145,0.8142104148864746,0.6579551696777344,0.7081066966056824,0.971157968044281,0.794550359249115,0.6519463658332825,0.7949700951576233,0.673114001750946,0.8727185726165771,0.4034806191921234,5.499573230743408,0.701,0.764,0.782,0.825,0.756,0.634,0.741,0.735,0.826,0.464,0.7285329699516296,0.8861665725708008,0.7840608954429626,0.7626652717590332,0.8061969876289368,0.5699400901794434,0.8358762860298157,0.5910894274711609,0.7772315740585327,0.8612725734710693,0.6635035872459412,1.19305419921875,0.7667754292488098,0.7837330102920532,0.7577757835388184,0.8378887176513672,0.8399355411529541,0.5729777812957764,7.0587873458862305,0.7733210060331557,7.058787643909454,0
2022-08-08 01:26:49,26.9min,6c745cd5dc684ec889c80cdc7eed49e8,input_no_chroma,LOCAL,/usr/local/lib/python3.7/dist-packages/ipykernel_launcher.py,root,FINISHED,16,None,"['abc', 'bps', 'mps', 'tavern', 'wir', 'wirwtc']","['Bass19', 'MeasureNoteOnset14']",True,dataset-input_no_chroma,"['Alto35', 'Bass35', 'HarmonicRhythm7', 'LocalKey38', 'PitchClassSet121', 'RomanNumeral31', 'Soprano35', 'Tenor35', 'TonicizedKey38']",False,640,False,"['abc', 'bps', 'mps', 'tavern', 'wir', 'wirwtc']",False,False,"('A', 'A-', 'B', 'B-', 'B--', 'C', 'C#', 'C-', 'D', 'D#', 'D-', 'E', 'E-', 'F', 'F#', 'F-', 'G', 'G#', 'G-', 'a', 'a#', 'a-', 'b', 'b#', 'b-', 'c', 'c#', 'd', 'd#', 'd-', 'e', 'e#', 'e-', 'f', 'f#', 'g', 'g#', 'g-')",dataset,100,0,10,False,0.9,0.999,0.0,1e-07,"{'class_name': 'PiecewiseConstantDecay', 'config': {'boundaries': [4680], 'values': [0.001, 0.001], 'name': None}}",Adam,None,True,None,False,None,1,0.0,None,1,0.6576927900314331,1.0567997694015503,0.7820237874984741,0.7277317643165588,0.791147768497467,0.5606711506843567,0.8698021769523621,0.41540926694869995,0.6347182393074036,1.2351101636886597,0.5484399795532227,1.4249714612960815,0.6476803421974182,1.0453609228134155,0.6982854008674622,0.9736325144767761,0.8232887387275696,0.5872153043746948,8.026901245117188,0.595,0.746,0.741,0.766,0.547,0.457,0.579,0.635,0.741,0.311,0.6310582756996155,1.1732434034347534,0.7690926790237427,0.807275652885437,0.7599624395370483,0.6421023607254028,0.774290144443512,0.8357954025268555,0.5822780728340149,1.479699730873108,0.5015135407447815,1.6229249238967896,0.6123368144035339,1.1774452924728394,0.6666408181190491,1.0962527990341187,0.7574412822723389,0.8711286783218384,9.705866813659668,0.6727348963419596,9.705868244171143,0
2022-08-08 00:59:05,27.7min,1ebff2295cd54fab9f23089b21905cd5,input_no_bottom,LOCAL,/usr/local/lib/python3.7/dist-packages/ipykernel_launcher.py,root,FINISHED,16,None,"['abc', 'bps', 'mps', 'tavern', 'wir', 'wirwtc']","['Chromagram19', 'MeasureNoteOnset14']",True,dataset-input_no_bottom,"['Alto35', 'Bass35', 'HarmonicRhythm7', 'LocalKey38', 'PitchClassSet121', 'RomanNumeral31', 'Soprano35', 'Tenor35', 'TonicizedKey38']",False,640,False,"['abc', 'bps', 'mps', 'tavern', 'wir', 'wirwtc']",False,False,"('A', 'A-', 'B', 'B-', 'B--', 'C', 'C#', 'C-', 'D', 'D#', 'D-', 'E', 'E-', 'F', 'F#', 'F-', 'G', 'G#', 'G-', 'a', 'a#', 'a-', 'b', 'b#', 'b-', 'c', 'c#', 'd', 'd#', 'd-', 'e', 'e#', 'e-', 'f', 'f#', 'g', 'g#', 'g-')",dataset,100,0,10,False,0.9,0.999,0.0,1e-07,"{'class_name': 'PiecewiseConstantDecay', 'config': {'boundaries': [4680], 'values': [0.001, 0.001], 'name': None}}",Adam,None,True,None,False,None,1,0.0,None,1,0.6430535316467285,1.0323100090026855,0.6780252456665039,0.9268604516983032,0.829095721244812,0.4947875440120697,0.8899617791175842,0.34148186445236206,0.8107920289039612,0.6831688284873962,0.7069780826568604,0.9779511094093323,0.7455776333808899,0.7725090384483337,0.6628349423408508,0.9895004630088806,0.8752642869949341,0.4044213891029358,6.622990131378174,0.584,0.613,0.774,0.824,0.763,0.64,0.698,0.595,0.829,0.355,0.6079879403114319,1.155291199684143,0.6439254283905029,1.0589359998703003,0.8001672625541687,0.5725311040878296,0.8323922753334045,0.6034659147262573,0.7782841324806213,0.856240451335907,0.6677790284156799,1.1843440532684326,0.7224216461181641,0.873441219329834,0.6195210218429565,1.1494561433792114,0.835117518901825,0.5759020447731018,8.029607772827148,0.723066250483195,8.029608130455017,0
2022-08-08 00:31:13,27.9min,254da1ee8c6544a1991ef75f82bcb607,input_no_onset,LOCAL,/usr/local/lib/python3.7/dist-packages/ipykernel_launcher.py,root,FINISHED,16,None,"['abc', 'bps', 'mps', 'tavern', 'wir', 'wirwtc']","['Bass19', 'Chromagram19']",True,dataset-input_no_onset,"['Alto35', 'Bass35', 'HarmonicRhythm7', 'LocalKey38', 'PitchClassSet121', 'RomanNumeral31', 'Soprano35', 'Tenor35', 'TonicizedKey38']",False,640,False,"['abc', 'bps', 'mps', 'tavern', 'wir', 'wirwtc']",False,False,"('A', 'A-', 'B', 'B-', 'B--', 'C', 'C#', 'C-', 'D', 'D#', 'D-', 'E', 'E-', 'F', 'F#', 'F-', 'G', 'G#', 'G-', 'a', 'a#', 'a-', 'b', 'b#', 'b-', 'c', 'c#', 'd', 'd#', 'd-', 'e', 'e#', 'e-', 'f', 'f#', 'g', 'g#', 'g-')",dataset,100,0,10,False,0.9,0.999,0.0,1e-07,"{'class_name': 'PiecewiseConstantDecay', 'config': {'boundaries': [4680], 'values': [0.001, 0.001], 'name': None}}",Adam,None,True,None,False,None,1,0.0,None,1,0.7483452558517456,0.7895899415016174,0.7979446649551392,0.6680576205253601,0.6648728251457214,0.9340013861656189,0.8937774300575256,0.3306381404399872,0.7984449863433838,0.7192501425743103,0.7065741419792175,0.9780176877975464,0.7819331884384155,0.6985003352165222,0.7767212390899658,0.7309219241142273,0.873979389667511,0.4068596661090851,6.2558369636535645,0.69,0.748,0.602,0.831,0.744,0.636,0.736,0.716,0.833,0.46,0.7181543707847595,0.9113993644714355,0.7670202255249023,0.7796216607093811,0.6402415037155151,1.0267455577850342,0.8379936218261719,0.587581217288971,0.7660982608795166,0.8864862322807312,0.6690151691436768,1.1665393114089966,0.7571719884872437,0.7905846238136292,0.7404822111129761,0.8661494851112366,0.8439539670944214,0.5620059967041016,7.577113151550293,0.7489034798410203,7.577113449573517,0
2022-08-08 00:01:49,29.4min,275b9331a67c4b4db5b3f963ecc24b59,input_35_one-hot_spelling,LOCAL,/usr/local/lib/python3.7/dist-packages/ipykernel_launcher.py,root,FINISHED,16,None,"['abc', 'bps', 'mps', 'tavern', 'wir', 'wirwtc']","['Bass35', 'Chromagram35', 'MeasureNoteOnset14']",True,dataset-input_35_one-hot_spelling,"['Alto35', 'Bass35', 'HarmonicRhythm7', 'LocalKey38', 'PitchClassSet121', 'RomanNumeral31', 'Soprano35', 'Tenor35', 'TonicizedKey38']",False,640,False,"['abc', 'bps', 'mps', 'tavern', 'wir', 'wirwtc']",False,False,"('A', 'A-', 'B', 'B-', 'B--', 'C', 'C#', 'C-', 'D', 'D#', 'D-', 'E', 'E-', 'F', 'F#', 'F-', 'G', 'G#', 'G-', 'a', 'a#', 'a-', 'b', 'b#', 'b-', 'c', 'c#', 'd', 'd#', 'd-', 'e', 'e#', 'e-', 'f', 'f#', 'g', 'g#', 'g-')",dataset,100,0,10,False,0.9,0.999,0.0,1e-07,"{'class_name': 'PiecewiseConstantDecay', 'config': {'boundaries': [4680], 'values': [0.001, 0.001], 'name': None}}",Adam,None,True,None,False,None,1,0.0,None,1,0.7701820135116577,0.7196166515350342,0.8227551579475403,0.5854798555374146,0.842092752456665,0.46642014384269714,0.895419716835022,0.3207825720310211,0.8173279762268066,0.644400417804718,0.715794563293457,0.9379001259803772,0.798568844795227,0.6401686668395996,0.8026953339576721,0.6504145264625549,0.8782579898834229,0.39002659916877747,5.355209827423096,0.708,0.768,0.781,0.819,0.759,0.64,0.75,0.736,0.827,0.465,0.727643609046936,0.8948310613632202,0.7834652662277222,0.7580593228340149,0.8038021922111511,0.5854450464248657,0.8337793946266174,0.5986354351043701,0.7731764316558838,0.8820042014122009,0.6743635535240173,1.1598000526428223,0.76595139503479,0.7869599461555481,0.7514074444770813,0.8596357703208923,0.840898334980011,0.5875643491744995,7.112935543060303,0.7727208468649123,7.112935185432434,0
2022-08-07 23:31:46,30.1min,061d08e9cfa240a6b2c7bc03499eaa2a,baseline,LOCAL,/usr/local/lib/python3.7/dist-packages/ipykernel_launcher.py,root,FINISHED,16,None,"['abc', 'bps', 'mps', 'tavern', 'wir', 'wirwtc']","['Bass19', 'Chromagram19', 'MeasureNoteOnset14']",True,dataset-baseline,"['Alto35', 'Bass35', 'HarmonicRhythm7', 'LocalKey38', 'PitchClassSet121', 'RomanNumeral31', 'Soprano35', 'Tenor35', 'TonicizedKey38']",False,640,False,"['abc', 'bps', 'mps', 'tavern', 'wir', 'wirwtc']",False,False,"('A', 'A-', 'B', 'B-', 'B--', 'C', 'C#', 'C-', 'D', 'D#', 'D-', 'E', 'E-', 'F', 'F#', 'F-', 'G', 'G#', 'G-', 'a', 'a#', 'a-', 'b', 'b#', 'b-', 'c', 'c#', 'd', 'd#', 'd-', 'e', 'e#', 'e-', 'f', 'f#', 'g', 'g#', 'g-')",dataset,100,0,10,False,0.9,0.999,0.0,1e-07,"{'class_name': 'PiecewiseConstantDecay', 'config': {'boundaries': [4680], 'values': [0.001, 0.001], 'name': None}}",Adam,None,True,None,False,None,1,0.0,None,1,0.7719140648841858,0.7138974070549011,0.824099063873291,0.5770706534385681,0.843069314956665,0.4600866436958313,0.8971201777458191,0.3207814693450928,0.8174451589584351,0.6458542346954346,0.7188996076583862,0.9318089485168457,0.7997083067893982,0.6346518397331238,0.8029895424842834,0.6460277438163757,0.875415563583374,0.3963022828102112,5.326480388641357,0.712,0.768,0.781,0.825,0.758,0.642,0.745,0.738,0.823,0.467,0.733873188495636,0.8945766687393188,0.7892583012580872,0.7448974251747131,0.8078328967094421,0.5817170143127441,0.8326044678688049,0.6540836691856384,0.7750122547149658,0.8750408887863159,0.670181930065155,1.186967134475708,0.7668488621711731,0.782220721244812,0.7537532448768616,0.8567637205123901,0.8273457884788513,0.6237812638282776,7.200047969818115,0.772967881626553,7.200048506259918,0
